ISO-10303-21;
HEADER;
FILE_DESCRIPTION(('FreeCAD Model'),'2;1');
FILE_NAME('Open CASCADE Shape Model','2026-10-03T16:36:53',('Author'),(
    ''),'Open CASCADE STEP processor 7.8','FreeCAD','Unknown');
FILE_SCHEMA(('AUTOMOTIVE_DESIGN { 1 0 10303 214 1 1 1 1 }'));
ENDSEC;
DATA;
#1 = APPLICATION_PROTOCOL_DEFINITION('international standard',
  'automotive_design',2000,#2);
#2 = APPLICATION_CONTEXT(
  'core data for automotive mechanical design processes');
#3 = SHAPE_DEFINITION_REPRESENTATION(#4,#10);
#4 = PRODUCT_DEFINITION_SHAPE('','',#5);
#5 = PRODUCT_DEFINITION('design','',#6,#9);
#6 = PRODUCT_DEFINITION_FORMATION('','',#7);
#7 = PRODUCT('SaviaSound base','SaviaSound base','',(#8));
#8 = PRODUCT_CONTEXT('',#2,'mechanical');
#9 = PRODUCT_DEFINITION_CONTEXT('part definition',#2,'design');
#10 = ADVANCED_BREP_SHAPE_REPRESENTATION('',(#11,#15),#5025);
#11 = AXIS2_PLACEMENT_3D('',#12,#13,#14);
#12 = CARTESIAN_POINT('',(0.,0.,0.));
#13 = DIRECTION('',(0.,0.,1.));
#14 = DIRECTION('',(1.,0.,-0.));
#15 = MANIFOLD_SOLID_BREP('',#16);
#16 = CLOSED_SHELL('',(#17,#57,#194,#219,#244,#295,#312,#329,#346,#363,
    #1082,#1148,#1172,#1231,#1468,#1518,#1542,#1601,#1664,#1686,#1703,
    #1720,#1737,#1754,#1771,#1788,#1800,#1831,#1855,#1879,#1903,#1927,
    #1951,#1975,#1999,#2023,#2040,#2071,#2095,#2119,#2143,#2167,#2191,
    #2215,#2239,#2263,#2280,#2313,#2339,#2365,#2391,#2417,#2443,#2469,
    #2495,#2521,#2547,#2566,#2597,#2621,#2645,#2669,#2693,#2717,#2741,
    #2765,#2789,#2806,#2839,#2865,#2891,#2917,#2943,#2969,#2995,#3021,
    #3047,#3073,#3092,#3133,#3155,#3172,#3189,#3206,#3223,#3240,#3257,
    #3269,#3301,#3325,#3350,#3410,#3435,#3459,#3484,#3516,#3540,#3565,
    #3582,#3599,#3631,#3655,#3680,#3697,#3714,#3732,#3750,#3843,#3861,
    #3954,#3967,#3979,#4004,#4029,#4054,#4079,#4091,#4103,#4143,#4176,
    #4209,#4240,#4271,#4300,#4330,#4363,#4389,#4429,#4462,#4495,#4526,
    #4557,#4586,#4616,#4649,#4675,#4695,#4715,#4735,#4755,#4772,#4789,
    #4814,#4839,#4864,#4889,#4914,#4939,#4964,#4989,#4998,#5007,#5016));
#17 = ADVANCED_FACE('',(#18),#52,.F.);
#18 = FACE_BOUND('',#19,.F.);
#19 = EDGE_LOOP('',(#20,#30,#38,#46));
#20 = ORIENTED_EDGE('',*,*,#21,.F.);
#21 = EDGE_CURVE('',#22,#24,#26,.T.);
#22 = VERTEX_POINT('',#23);
#23 = CARTESIAN_POINT('',(-2.210299720599,-56.96541783083,12.5));
#24 = VERTEX_POINT('',#25);
#25 = CARTESIAN_POINT('',(-2.210299720599,-2.089700279401,12.5));
#26 = LINE('',#27,#28);
#27 = CARTESIAN_POINT('',(-2.210299720599,-61.26541783083,12.5));
#28 = VECTOR('',#29,1.);
#29 = DIRECTION('',(-0.,1.,0.));
#30 = ORIENTED_EDGE('',*,*,#31,.F.);
#31 = EDGE_CURVE('',#32,#22,#34,.T.);
#32 = VERTEX_POINT('',#33);
#33 = CARTESIAN_POINT('',(-2.210299720599,-56.96541783083,0.));
#34 = LINE('',#35,#36);
#35 = CARTESIAN_POINT('',(-2.210299720599,-56.96541783083,0.));
#36 = VECTOR('',#37,1.);
#37 = DIRECTION('',(0.,0.,1.));
#38 = ORIENTED_EDGE('',*,*,#39,.T.);
#39 = EDGE_CURVE('',#32,#40,#42,.T.);
#40 = VERTEX_POINT('',#41);
#41 = CARTESIAN_POINT('',(-2.210299720599,-2.089700279401,0.));
#42 = LINE('',#43,#44);
#43 = CARTESIAN_POINT('',(-2.210299720599,-61.26541783083,0.));
#44 = VECTOR('',#45,1.);
#45 = DIRECTION('',(-0.,1.,0.));
#46 = ORIENTED_EDGE('',*,*,#47,.T.);
#47 = EDGE_CURVE('',#40,#24,#48,.T.);
#48 = LINE('',#49,#50);
#49 = CARTESIAN_POINT('',(-2.210299720599,-2.089700279401,0.));
#50 = VECTOR('',#51,1.);
#51 = DIRECTION('',(0.,0.,1.));
#52 = PLANE('',#53);
#53 = AXIS2_PLACEMENT_3D('',#54,#55,#56);
#54 = CARTESIAN_POINT('',(-2.210299720599,-61.26541783083,0.));
#55 = DIRECTION('',(1.,0.,-0.));
#56 = DIRECTION('',(0.,0.,1.));
#57 = ADVANCED_FACE('',(#58,#119),#189,.T.);
#58 = FACE_BOUND('',#59,.T.);
#59 = EDGE_LOOP('',(#60,#61,#70,#78,#87,#95,#104,#112));
#60 = ORIENTED_EDGE('',*,*,#21,.F.);
#61 = ORIENTED_EDGE('',*,*,#62,.T.);
#62 = EDGE_CURVE('',#22,#63,#65,.T.);
#63 = VERTEX_POINT('',#64);
#64 = CARTESIAN_POINT('',(2.089700279401,-61.26541783083,12.5));
#65 = CIRCLE('',#66,4.3);
#66 = AXIS2_PLACEMENT_3D('',#67,#68,#69);
#67 = CARTESIAN_POINT('',(2.089700279401,-56.96541783083,12.5));
#68 = DIRECTION('',(0.,0.,1.));
#69 = DIRECTION('',(0.,-1.,0.));
#70 = ORIENTED_EDGE('',*,*,#71,.T.);
#71 = EDGE_CURVE('',#63,#72,#74,.T.);
#72 = VERTEX_POINT('',#73);
#73 = CARTESIAN_POINT('',(35.121374142748,-61.26541783083,12.5));
#74 = LINE('',#75,#76);
#75 = CARTESIAN_POINT('',(-2.210299720599,-61.26541783083,12.5));
#76 = VECTOR('',#77,1.);
#77 = DIRECTION('',(1.,0.,-0.));
#78 = ORIENTED_EDGE('',*,*,#79,.F.);
#79 = EDGE_CURVE('',#80,#72,#82,.T.);
#80 = VERTEX_POINT('',#81);
#81 = CARTESIAN_POINT('',(39.421374142748,-56.96541783083,12.5));
#82 = CIRCLE('',#83,4.3);
#83 = AXIS2_PLACEMENT_3D('',#84,#85,#86);
#84 = CARTESIAN_POINT('',(35.121374142748,-56.96541783083,12.5));
#85 = DIRECTION('',(-0.,-0.,-1.));
#86 = DIRECTION('',(0.,-1.,0.));
#87 = ORIENTED_EDGE('',*,*,#88,.T.);
#88 = EDGE_CURVE('',#80,#89,#91,.T.);
#89 = VERTEX_POINT('',#90);
#90 = CARTESIAN_POINT('',(39.421374142748,-2.089700279401,12.5));
#91 = LINE('',#92,#93);
#92 = CARTESIAN_POINT('',(39.421374142748,-61.26541783083,12.5));
#93 = VECTOR('',#94,1.);
#94 = DIRECTION('',(-0.,1.,0.));
#95 = ORIENTED_EDGE('',*,*,#96,.T.);
#96 = EDGE_CURVE('',#89,#97,#99,.T.);
#97 = VERTEX_POINT('',#98);
#98 = CARTESIAN_POINT('',(35.121374142748,2.210299720599,12.5));
#99 = CIRCLE('',#100,4.3);
#100 = AXIS2_PLACEMENT_3D('',#101,#102,#103);
#101 = CARTESIAN_POINT('',(35.121374142748,-2.089700279401,12.5));
#102 = DIRECTION('',(0.,0.,1.));
#103 = DIRECTION('',(0.,-1.,0.));
#104 = ORIENTED_EDGE('',*,*,#105,.F.);
#105 = EDGE_CURVE('',#106,#97,#108,.T.);
#106 = VERTEX_POINT('',#107);
#107 = CARTESIAN_POINT('',(2.089700279401,2.210299720599,12.5));
#108 = LINE('',#109,#110);
#109 = CARTESIAN_POINT('',(-2.210299720599,2.210299720599,12.5));
#110 = VECTOR('',#111,1.);
#111 = DIRECTION('',(1.,0.,-0.));
#112 = ORIENTED_EDGE('',*,*,#113,.F.);
#113 = EDGE_CURVE('',#24,#106,#114,.T.);
#114 = CIRCLE('',#115,4.3);
#115 = AXIS2_PLACEMENT_3D('',#116,#117,#118);
#116 = CARTESIAN_POINT('',(2.089700279401,-2.089700279401,12.5));
#117 = DIRECTION('',(-0.,-0.,-1.));
#118 = DIRECTION('',(0.,-1.,0.));
#119 = FACE_BOUND('',#120,.T.);
#120 = EDGE_LOOP('',(#121,#132,#140,#149,#157,#166,#174,#183));
#121 = ORIENTED_EDGE('',*,*,#122,.F.);
#122 = EDGE_CURVE('',#123,#125,#127,.T.);
#123 = VERTEX_POINT('',#124);
#124 = CARTESIAN_POINT('',(-0.410299720599,-56.96541783083,12.5));
#125 = VERTEX_POINT('',#126);
#126 = CARTESIAN_POINT('',(2.089700279401,-59.46541783083,12.5));
#127 = CIRCLE('',#128,2.5);
#128 = AXIS2_PLACEMENT_3D('',#129,#130,#131);
#129 = CARTESIAN_POINT('',(2.089700279401,-56.96541783083,12.5));
#130 = DIRECTION('',(0.,0.,1.));
#131 = DIRECTION('',(-1.,-0.,0.));
#132 = ORIENTED_EDGE('',*,*,#133,.T.);
#133 = EDGE_CURVE('',#123,#134,#136,.T.);
#134 = VERTEX_POINT('',#135);
#135 = CARTESIAN_POINT('',(-0.410299720599,-2.089700279401,12.5));
#136 = LINE('',#137,#138);
#137 = CARTESIAN_POINT('',(-0.410299720599,-60.36541783083,12.5));
#138 = VECTOR('',#139,1.);
#139 = DIRECTION('',(-0.,1.,0.));
#140 = ORIENTED_EDGE('',*,*,#141,.F.);
#141 = EDGE_CURVE('',#142,#134,#144,.T.);
#142 = VERTEX_POINT('',#143);
#143 = CARTESIAN_POINT('',(2.089700279401,0.410299720599,12.5));
#144 = CIRCLE('',#145,2.5);
#145 = AXIS2_PLACEMENT_3D('',#146,#147,#148);
#146 = CARTESIAN_POINT('',(2.089700279401,-2.089700279401,12.5));
#147 = DIRECTION('',(0.,0.,1.));
#148 = DIRECTION('',(-1.,-0.,0.));
#149 = ORIENTED_EDGE('',*,*,#150,.F.);
#150 = EDGE_CURVE('',#151,#142,#153,.T.);
#151 = VERTEX_POINT('',#152);
#152 = CARTESIAN_POINT('',(35.121374142748,0.410299720599,12.5));
#153 = LINE('',#154,#155);
#154 = CARTESIAN_POINT('',(-1.310299720599,0.410299720599,12.5));
#155 = VECTOR('',#156,1.);
#156 = DIRECTION('',(-1.,-0.,0.));
#157 = ORIENTED_EDGE('',*,*,#158,.F.);
#158 = EDGE_CURVE('',#159,#151,#161,.T.);
#159 = VERTEX_POINT('',#160);
#160 = CARTESIAN_POINT('',(37.621374142748,-2.089700279401,12.5));
#161 = CIRCLE('',#162,2.5);
#162 = AXIS2_PLACEMENT_3D('',#163,#164,#165);
#163 = CARTESIAN_POINT('',(35.121374142748,-2.089700279401,12.5));
#164 = DIRECTION('',(0.,0.,1.));
#165 = DIRECTION('',(1.,0.,-0.));
#166 = ORIENTED_EDGE('',*,*,#167,.F.);
#167 = EDGE_CURVE('',#168,#159,#170,.T.);
#168 = VERTEX_POINT('',#169);
#169 = CARTESIAN_POINT('',(37.621374142748,-56.96541783083,12.5));
#170 = LINE('',#171,#172);
#171 = CARTESIAN_POINT('',(37.621374142748,-60.36541783083,12.5));
#172 = VECTOR('',#173,1.);
#173 = DIRECTION('',(-0.,1.,0.));
#174 = ORIENTED_EDGE('',*,*,#175,.F.);
#175 = EDGE_CURVE('',#176,#168,#178,.T.);
#176 = VERTEX_POINT('',#177);
#177 = CARTESIAN_POINT('',(35.121374142748,-59.46541783083,12.5));
#178 = CIRCLE('',#179,2.5);
#179 = AXIS2_PLACEMENT_3D('',#180,#181,#182);
#180 = CARTESIAN_POINT('',(35.121374142748,-56.96541783083,12.5));
#181 = DIRECTION('',(0.,0.,1.));
#182 = DIRECTION('',(1.,0.,-0.));
#183 = ORIENTED_EDGE('',*,*,#184,.T.);
#184 = EDGE_CURVE('',#176,#125,#185,.T.);
#185 = LINE('',#186,#187);
#186 = CARTESIAN_POINT('',(-1.310299720599,-59.46541783083,12.5));
#187 = VECTOR('',#188,1.);
#188 = DIRECTION('',(-1.,-0.,0.));
#189 = PLANE('',#190);
#190 = AXIS2_PLACEMENT_3D('',#191,#192,#193);
#191 = CARTESIAN_POINT('',(-2.210299720599,-61.26541783083,12.5));
#192 = DIRECTION('',(0.,0.,1.));
#193 = DIRECTION('',(1.,0.,-0.));
#194 = ADVANCED_FACE('',(#195),#214,.T.);
#195 = FACE_BOUND('',#196,.T.);
#196 = EDGE_LOOP('',(#197,#206,#212,#213));
#197 = ORIENTED_EDGE('',*,*,#198,.T.);
#198 = EDGE_CURVE('',#32,#199,#201,.T.);
#199 = VERTEX_POINT('',#200);
#200 = CARTESIAN_POINT('',(2.089700279401,-61.26541783083,0.));
#201 = CIRCLE('',#202,4.3);
#202 = AXIS2_PLACEMENT_3D('',#203,#204,#205);
#203 = CARTESIAN_POINT('',(2.089700279401,-56.96541783083,0.));
#204 = DIRECTION('',(0.,0.,1.));
#205 = DIRECTION('',(0.,-1.,0.));
#206 = ORIENTED_EDGE('',*,*,#207,.T.);
#207 = EDGE_CURVE('',#199,#63,#208,.T.);
#208 = LINE('',#209,#210);
#209 = CARTESIAN_POINT('',(2.089700279401,-61.26541783083,0.));
#210 = VECTOR('',#211,1.);
#211 = DIRECTION('',(0.,0.,1.));
#212 = ORIENTED_EDGE('',*,*,#62,.F.);
#213 = ORIENTED_EDGE('',*,*,#31,.F.);
#214 = CYLINDRICAL_SURFACE('',#215,4.3);
#215 = AXIS2_PLACEMENT_3D('',#216,#217,#218);
#216 = CARTESIAN_POINT('',(2.089700279401,-56.96541783083,0.));
#217 = DIRECTION('',(0.,0.,1.));
#218 = DIRECTION('',(-1.,-0.,0.));
#219 = ADVANCED_FACE('',(#220),#239,.T.);
#220 = FACE_BOUND('',#221,.F.);
#221 = EDGE_LOOP('',(#222,#231,#237,#238));
#222 = ORIENTED_EDGE('',*,*,#223,.T.);
#223 = EDGE_CURVE('',#40,#224,#226,.T.);
#224 = VERTEX_POINT('',#225);
#225 = CARTESIAN_POINT('',(2.089700279401,2.210299720599,0.));
#226 = CIRCLE('',#227,4.3);
#227 = AXIS2_PLACEMENT_3D('',#228,#229,#230);
#228 = CARTESIAN_POINT('',(2.089700279401,-2.089700279401,0.));
#229 = DIRECTION('',(-0.,-0.,-1.));
#230 = DIRECTION('',(0.,-1.,0.));
#231 = ORIENTED_EDGE('',*,*,#232,.T.);
#232 = EDGE_CURVE('',#224,#106,#233,.T.);
#233 = LINE('',#234,#235);
#234 = CARTESIAN_POINT('',(2.089700279401,2.210299720599,0.));
#235 = VECTOR('',#236,1.);
#236 = DIRECTION('',(0.,0.,1.));
#237 = ORIENTED_EDGE('',*,*,#113,.F.);
#238 = ORIENTED_EDGE('',*,*,#47,.F.);
#239 = CYLINDRICAL_SURFACE('',#240,4.3);
#240 = AXIS2_PLACEMENT_3D('',#241,#242,#243);
#241 = CARTESIAN_POINT('',(2.089700279401,-2.089700279401,0.));
#242 = DIRECTION('',(0.,0.,1.));
#243 = DIRECTION('',(-1.,-0.,0.));
#244 = ADVANCED_FACE('',(#245),#290,.F.);
#245 = FACE_BOUND('',#246,.F.);
#246 = EDGE_LOOP('',(#247,#248,#249,#257,#266,#274,#283,#289));
#247 = ORIENTED_EDGE('',*,*,#39,.F.);
#248 = ORIENTED_EDGE('',*,*,#198,.T.);
#249 = ORIENTED_EDGE('',*,*,#250,.T.);
#250 = EDGE_CURVE('',#199,#251,#253,.T.);
#251 = VERTEX_POINT('',#252);
#252 = CARTESIAN_POINT('',(35.121374142748,-61.26541783083,0.));
#253 = LINE('',#254,#255);
#254 = CARTESIAN_POINT('',(-2.210299720599,-61.26541783083,0.));
#255 = VECTOR('',#256,1.);
#256 = DIRECTION('',(1.,0.,-0.));
#257 = ORIENTED_EDGE('',*,*,#258,.F.);
#258 = EDGE_CURVE('',#259,#251,#261,.T.);
#259 = VERTEX_POINT('',#260);
#260 = CARTESIAN_POINT('',(39.421374142748,-56.96541783083,0.));
#261 = CIRCLE('',#262,4.3);
#262 = AXIS2_PLACEMENT_3D('',#263,#264,#265);
#263 = CARTESIAN_POINT('',(35.121374142748,-56.96541783083,0.));
#264 = DIRECTION('',(-0.,-0.,-1.));
#265 = DIRECTION('',(0.,-1.,0.));
#266 = ORIENTED_EDGE('',*,*,#267,.T.);
#267 = EDGE_CURVE('',#259,#268,#270,.T.);
#268 = VERTEX_POINT('',#269);
#269 = CARTESIAN_POINT('',(39.421374142748,-2.089700279401,0.));
#270 = LINE('',#271,#272);
#271 = CARTESIAN_POINT('',(39.421374142748,-61.26541783083,0.));
#272 = VECTOR('',#273,1.);
#273 = DIRECTION('',(-0.,1.,0.));
#274 = ORIENTED_EDGE('',*,*,#275,.T.);
#275 = EDGE_CURVE('',#268,#276,#278,.T.);
#276 = VERTEX_POINT('',#277);
#277 = CARTESIAN_POINT('',(35.121374142748,2.210299720599,0.));
#278 = CIRCLE('',#279,4.3);
#279 = AXIS2_PLACEMENT_3D('',#280,#281,#282);
#280 = CARTESIAN_POINT('',(35.121374142748,-2.089700279401,0.));
#281 = DIRECTION('',(0.,0.,1.));
#282 = DIRECTION('',(0.,-1.,0.));
#283 = ORIENTED_EDGE('',*,*,#284,.F.);
#284 = EDGE_CURVE('',#224,#276,#285,.T.);
#285 = LINE('',#286,#287);
#286 = CARTESIAN_POINT('',(-2.210299720599,2.210299720599,0.));
#287 = VECTOR('',#288,1.);
#288 = DIRECTION('',(1.,0.,-0.));
#289 = ORIENTED_EDGE('',*,*,#223,.F.);
#290 = PLANE('',#291);
#291 = AXIS2_PLACEMENT_3D('',#292,#293,#294);
#292 = CARTESIAN_POINT('',(-2.210299720599,-61.26541783083,0.));
#293 = DIRECTION('',(0.,0.,1.));
#294 = DIRECTION('',(1.,0.,-0.));
#295 = ADVANCED_FACE('',(#296),#307,.F.);
#296 = FACE_BOUND('',#297,.F.);
#297 = EDGE_LOOP('',(#298,#299,#300,#301));
#298 = ORIENTED_EDGE('',*,*,#250,.F.);
#299 = ORIENTED_EDGE('',*,*,#207,.T.);
#300 = ORIENTED_EDGE('',*,*,#71,.T.);
#301 = ORIENTED_EDGE('',*,*,#302,.F.);
#302 = EDGE_CURVE('',#251,#72,#303,.T.);
#303 = LINE('',#304,#305);
#304 = CARTESIAN_POINT('',(35.121374142748,-61.26541783083,0.));
#305 = VECTOR('',#306,1.);
#306 = DIRECTION('',(0.,0.,1.));
#307 = PLANE('',#308);
#308 = AXIS2_PLACEMENT_3D('',#309,#310,#311);
#309 = CARTESIAN_POINT('',(-2.210299720599,-61.26541783083,0.));
#310 = DIRECTION('',(-0.,1.,0.));
#311 = DIRECTION('',(0.,0.,1.));
#312 = ADVANCED_FACE('',(#313),#324,.T.);
#313 = FACE_BOUND('',#314,.T.);
#314 = EDGE_LOOP('',(#315,#316,#317,#318));
#315 = ORIENTED_EDGE('',*,*,#284,.F.);
#316 = ORIENTED_EDGE('',*,*,#232,.T.);
#317 = ORIENTED_EDGE('',*,*,#105,.T.);
#318 = ORIENTED_EDGE('',*,*,#319,.F.);
#319 = EDGE_CURVE('',#276,#97,#320,.T.);
#320 = LINE('',#321,#322);
#321 = CARTESIAN_POINT('',(35.121374142748,2.210299720599,0.));
#322 = VECTOR('',#323,1.);
#323 = DIRECTION('',(0.,0.,1.));
#324 = PLANE('',#325);
#325 = AXIS2_PLACEMENT_3D('',#326,#327,#328);
#326 = CARTESIAN_POINT('',(-2.210299720599,2.210299720599,0.));
#327 = DIRECTION('',(-0.,1.,0.));
#328 = DIRECTION('',(0.,0.,1.));
#329 = ADVANCED_FACE('',(#330),#341,.T.);
#330 = FACE_BOUND('',#331,.F.);
#331 = EDGE_LOOP('',(#332,#333,#334,#335));
#332 = ORIENTED_EDGE('',*,*,#258,.T.);
#333 = ORIENTED_EDGE('',*,*,#302,.T.);
#334 = ORIENTED_EDGE('',*,*,#79,.F.);
#335 = ORIENTED_EDGE('',*,*,#336,.F.);
#336 = EDGE_CURVE('',#259,#80,#337,.T.);
#337 = LINE('',#338,#339);
#338 = CARTESIAN_POINT('',(39.421374142748,-56.96541783083,0.));
#339 = VECTOR('',#340,1.);
#340 = DIRECTION('',(0.,0.,1.));
#341 = CYLINDRICAL_SURFACE('',#342,4.3);
#342 = AXIS2_PLACEMENT_3D('',#343,#344,#345);
#343 = CARTESIAN_POINT('',(35.121374142748,-56.96541783083,0.));
#344 = DIRECTION('',(0.,0.,1.));
#345 = DIRECTION('',(1.,0.,-0.));
#346 = ADVANCED_FACE('',(#347),#358,.T.);
#347 = FACE_BOUND('',#348,.T.);
#348 = EDGE_LOOP('',(#349,#350,#351,#352));
#349 = ORIENTED_EDGE('',*,*,#275,.T.);
#350 = ORIENTED_EDGE('',*,*,#319,.T.);
#351 = ORIENTED_EDGE('',*,*,#96,.F.);
#352 = ORIENTED_EDGE('',*,*,#353,.F.);
#353 = EDGE_CURVE('',#268,#89,#354,.T.);
#354 = LINE('',#355,#356);
#355 = CARTESIAN_POINT('',(39.421374142748,-2.089700279401,0.));
#356 = VECTOR('',#357,1.);
#357 = DIRECTION('',(0.,0.,1.));
#358 = CYLINDRICAL_SURFACE('',#359,4.3);
#359 = AXIS2_PLACEMENT_3D('',#360,#361,#362);
#360 = CARTESIAN_POINT('',(35.121374142748,-2.089700279401,0.));
#361 = DIRECTION('',(0.,0.,1.));
#362 = DIRECTION('',(1.,0.,-0.));
#363 = ADVANCED_FACE('',(#364,#370,#440,#522,#604,#759,#841,#996,#1007),
  #1077,.T.);
#364 = FACE_BOUND('',#365,.T.);
#365 = EDGE_LOOP('',(#366,#367,#368,#369));
#366 = ORIENTED_EDGE('',*,*,#88,.F.);
#367 = ORIENTED_EDGE('',*,*,#336,.F.);
#368 = ORIENTED_EDGE('',*,*,#267,.T.);
#369 = ORIENTED_EDGE('',*,*,#353,.T.);
#370 = FACE_BOUND('',#371,.T.);
#371 = EDGE_LOOP('',(#372,#383,#391,#400,#408,#417,#425,#434));
#372 = ORIENTED_EDGE('',*,*,#373,.F.);
#373 = EDGE_CURVE('',#374,#376,#378,.T.);
#374 = VERTEX_POINT('',#375);
#375 = CARTESIAN_POINT('',(39.421374142748,-19.6736555518,4.367081233543
    ));
#376 = VERTEX_POINT('',#377);
#377 = CARTESIAN_POINT('',(39.421374142748,-18.7736555518,5.267081233543
    ));
#378 = CIRCLE('',#379,0.9);
#379 = AXIS2_PLACEMENT_3D('',#380,#381,#382);
#380 = CARTESIAN_POINT('',(39.421374142748,-19.6736555518,5.267081233543
    ));
#381 = DIRECTION('',(1.,0.,0.));
#382 = DIRECTION('',(-0.,0.,1.));
#383 = ORIENTED_EDGE('',*,*,#384,.T.);
#384 = EDGE_CURVE('',#374,#385,#387,.T.);
#385 = VERTEX_POINT('',#386);
#386 = CARTESIAN_POINT('',(39.421374142748,-28.07843995238,
    4.367081233543));
#387 = LINE('',#388,#389);
#388 = CARTESIAN_POINT('',(39.421374142748,-44.6719288916,4.367081233543
    ));
#389 = VECTOR('',#390,1.);
#390 = DIRECTION('',(0.,-1.,0.));
#391 = ORIENTED_EDGE('',*,*,#392,.F.);
#392 = EDGE_CURVE('',#393,#385,#395,.T.);
#393 = VERTEX_POINT('',#394);
#394 = CARTESIAN_POINT('',(39.421374142748,-28.97843995238,
    5.267081233543));
#395 = CIRCLE('',#396,0.9);
#396 = AXIS2_PLACEMENT_3D('',#397,#398,#399);
#397 = CARTESIAN_POINT('',(39.421374142748,-28.07843995238,
    5.267081233543));
#398 = DIRECTION('',(1.,0.,0.));
#399 = DIRECTION('',(-0.,0.,1.));
#400 = ORIENTED_EDGE('',*,*,#401,.T.);
#401 = EDGE_CURVE('',#393,#402,#404,.T.);
#402 = VERTEX_POINT('',#403);
#403 = CARTESIAN_POINT('',(39.421374142748,-28.97843995238,
    8.582430313948));
#404 = LINE('',#405,#406);
#405 = CARTESIAN_POINT('',(39.421374142748,-28.97843995238,
    2.633540616772));
#406 = VECTOR('',#407,1.);
#407 = DIRECTION('',(0.,0.,1.));
#408 = ORIENTED_EDGE('',*,*,#409,.F.);
#409 = EDGE_CURVE('',#410,#402,#412,.T.);
#410 = VERTEX_POINT('',#411);
#411 = CARTESIAN_POINT('',(39.421374142748,-28.07843995238,
    9.482430313948));
#412 = CIRCLE('',#413,0.9);
#413 = AXIS2_PLACEMENT_3D('',#414,#415,#416);
#414 = CARTESIAN_POINT('',(39.421374142748,-28.07843995238,
    8.582430313948));
#415 = DIRECTION('',(1.,0.,0.));
#416 = DIRECTION('',(-0.,0.,1.));
#417 = ORIENTED_EDGE('',*,*,#418,.F.);
#418 = EDGE_CURVE('',#419,#410,#421,.T.);
#419 = VERTEX_POINT('',#420);
#420 = CARTESIAN_POINT('',(39.421374142748,-19.6736555518,9.482430313948
    ));
#421 = LINE('',#422,#423);
#422 = CARTESIAN_POINT('',(39.421374142748,-44.6719288916,9.482430313948
    ));
#423 = VECTOR('',#424,1.);
#424 = DIRECTION('',(0.,-1.,0.));
#425 = ORIENTED_EDGE('',*,*,#426,.F.);
#426 = EDGE_CURVE('',#427,#419,#429,.T.);
#427 = VERTEX_POINT('',#428);
#428 = CARTESIAN_POINT('',(39.421374142748,-18.7736555518,8.582430313948
    ));
#429 = CIRCLE('',#430,0.9);
#430 = AXIS2_PLACEMENT_3D('',#431,#432,#433);
#431 = CARTESIAN_POINT('',(39.421374142748,-19.6736555518,8.582430313948
    ));
#432 = DIRECTION('',(1.,0.,0.));
#433 = DIRECTION('',(-0.,0.,1.));
#434 = ORIENTED_EDGE('',*,*,#435,.F.);
#435 = EDGE_CURVE('',#376,#427,#436,.T.);
#436 = LINE('',#437,#438);
#437 = CARTESIAN_POINT('',(39.421374142748,-18.7736555518,2.633540616772
    ));
#438 = VECTOR('',#439,1.);
#439 = DIRECTION('',(0.,0.,1.));
#440 = FACE_BOUND('',#441,.T.);
#441 = EDGE_LOOP('',(#442,#452,#460,#468,#476,#484,#492,#500,#508,#516)
  );
#442 = ORIENTED_EDGE('',*,*,#443,.F.);
#443 = EDGE_CURVE('',#444,#446,#448,.T.);
#444 = VERTEX_POINT('',#445);
#445 = CARTESIAN_POINT('',(39.421374142748,-33.64952485891,6.375));
#446 = VERTEX_POINT('',#447);
#447 = CARTESIAN_POINT('',(39.421374142748,-33.64952485891,4.925));
#448 = LINE('',#449,#450);
#449 = CARTESIAN_POINT('',(39.421374142748,-33.64952485891,2.4625));
#450 = VECTOR('',#451,1.);
#451 = DIRECTION('',(-0.,2.22044604925E-16,-1.));
#452 = ORIENTED_EDGE('',*,*,#453,.F.);
#453 = EDGE_CURVE('',#454,#444,#456,.T.);
#454 = VERTEX_POINT('',#455);
#455 = CARTESIAN_POINT('',(39.421374142748,-32.67247407766,6.375));
#456 = LINE('',#457,#458);
#457 = CARTESIAN_POINT('',(39.421374142748,-47.45747134487,6.375));
#458 = VECTOR('',#459,1.);
#459 = DIRECTION('',(0.,-1.,-0.));
#460 = ORIENTED_EDGE('',*,*,#461,.F.);
#461 = EDGE_CURVE('',#462,#454,#464,.T.);
#462 = VERTEX_POINT('',#463);
#463 = CARTESIAN_POINT('',(39.421374142748,-32.67247407766,
    6.202180232558));
#464 = LINE('',#465,#466);
#465 = CARTESIAN_POINT('',(39.421374142748,-32.67247407766,3.1875));
#466 = VECTOR('',#467,1.);
#467 = DIRECTION('',(0.,-2.22044604925E-16,1.));
#468 = ORIENTED_EDGE('',*,*,#469,.F.);
#469 = EDGE_CURVE('',#470,#462,#472,.T.);
#470 = VERTEX_POINT('',#471);
#471 = CARTESIAN_POINT('',(39.421374142748,-33.4578687906,6.202180232558
    ));
#472 = LINE('',#473,#474);
#473 = CARTESIAN_POINT('',(39.421374142748,-46.96894595424,
    6.202180232558));
#474 = VECTOR('',#475,1.);
#475 = DIRECTION('',(0.,1.,0.));
#476 = ORIENTED_EDGE('',*,*,#477,.F.);
#477 = EDGE_CURVE('',#478,#470,#480,.T.);
#478 = VERTEX_POINT('',#479);
#479 = CARTESIAN_POINT('',(39.421374142748,-33.4578687906,5.755377906977
    ));
#480 = LINE('',#481,#482);
#481 = CARTESIAN_POINT('',(39.421374142748,-33.4578687906,3.101090116279
    ));
#482 = VECTOR('',#483,1.);
#483 = DIRECTION('',(0.,-2.22044604925E-16,1.));
#484 = ORIENTED_EDGE('',*,*,#485,.F.);
#485 = EDGE_CURVE('',#486,#478,#488,.T.);
#486 = VERTEX_POINT('',#487);
#487 = CARTESIAN_POINT('',(39.421374142748,-32.7781812906,5.755377906977
    ));
#488 = LINE('',#489,#490);
#489 = CARTESIAN_POINT('',(39.421374142748,-47.36164331071,
    5.755377906977));
#490 = VECTOR('',#491,1.);
#491 = DIRECTION('',(0.,-1.,-0.));
#492 = ORIENTED_EDGE('',*,*,#493,.F.);
#493 = EDGE_CURVE('',#494,#486,#496,.T.);
#494 = VERTEX_POINT('',#495);
#495 = CARTESIAN_POINT('',(39.421374142748,-32.7781812906,5.582558139535
    ));
#496 = LINE('',#497,#498);
#497 = CARTESIAN_POINT('',(39.421374142748,-32.7781812906,2.877688953488
    ));
#498 = VECTOR('',#499,1.);
#499 = DIRECTION('',(0.,-2.22044604925E-16,1.));
#500 = ORIENTED_EDGE('',*,*,#501,.F.);
#501 = EDGE_CURVE('',#502,#494,#504,.T.);
#502 = VERTEX_POINT('',#503);
#503 = CARTESIAN_POINT('',(39.421374142748,-33.4578687906,5.582558139535
    ));
#504 = LINE('',#505,#506);
#505 = CARTESIAN_POINT('',(39.421374142748,-47.02179956071,
    5.582558139535));
#506 = VECTOR('',#507,1.);
#507 = DIRECTION('',(0.,1.,0.));
#508 = ORIENTED_EDGE('',*,*,#509,.F.);
#509 = EDGE_CURVE('',#510,#502,#512,.T.);
#510 = VERTEX_POINT('',#511);
#511 = CARTESIAN_POINT('',(39.421374142748,-33.4578687906,4.925));
#512 = LINE('',#513,#514);
#513 = CARTESIAN_POINT('',(39.421374142748,-33.4578687906,2.791279069767
    ));
#514 = VECTOR('',#515,1.);
#515 = DIRECTION('',(0.,-2.22044604925E-16,1.));
#516 = ORIENTED_EDGE('',*,*,#517,.F.);
#517 = EDGE_CURVE('',#446,#510,#518,.T.);
#518 = LINE('',#519,#520);
#519 = CARTESIAN_POINT('',(39.421374142748,-47.36164331071,4.925));
#520 = VECTOR('',#521,1.);
#521 = DIRECTION('',(0.,1.,0.));
#522 = FACE_BOUND('',#523,.T.);
#523 = EDGE_LOOP('',(#524,#534,#542,#550,#558,#566,#574,#582,#590,#598)
  );
#524 = ORIENTED_EDGE('',*,*,#525,.F.);
#525 = EDGE_CURVE('',#526,#528,#530,.T.);
#526 = VERTEX_POINT('',#527);
#527 = CARTESIAN_POINT('',(39.421374142748,-34.88455392868,6.375));
#528 = VERTEX_POINT('',#529);
#529 = CARTESIAN_POINT('',(39.421374142748,-34.88455392868,4.925));
#530 = LINE('',#531,#532);
#531 = CARTESIAN_POINT('',(39.421374142748,-34.88455392868,2.4625));
#532 = VECTOR('',#533,1.);
#533 = DIRECTION('',(-0.,2.22044604925E-16,-1.));
#534 = ORIENTED_EDGE('',*,*,#535,.F.);
#535 = EDGE_CURVE('',#536,#526,#538,.T.);
#536 = VERTEX_POINT('',#537);
#537 = CARTESIAN_POINT('',(39.421374142748,-33.90750314743,6.375));
#538 = LINE('',#539,#540);
#539 = CARTESIAN_POINT('',(39.421374142748,-48.07498587975,6.375));
#540 = VECTOR('',#541,1.);
#541 = DIRECTION('',(0.,-1.,-0.));
#542 = ORIENTED_EDGE('',*,*,#543,.F.);
#543 = EDGE_CURVE('',#544,#536,#546,.T.);
#544 = VERTEX_POINT('',#545);
#545 = CARTESIAN_POINT('',(39.421374142748,-33.90750314743,
    6.202180232558));
#546 = LINE('',#547,#548);
#547 = CARTESIAN_POINT('',(39.421374142748,-33.90750314743,3.1875));
#548 = VECTOR('',#549,1.);
#549 = DIRECTION('',(0.,-2.22044604925E-16,1.));
#550 = ORIENTED_EDGE('',*,*,#551,.F.);
#551 = EDGE_CURVE('',#552,#544,#554,.T.);
#552 = VERTEX_POINT('',#553);
#553 = CARTESIAN_POINT('',(39.421374142748,-34.69289786036,
    6.202180232558));
#554 = LINE('',#555,#556);
#555 = CARTESIAN_POINT('',(39.421374142748,-47.58646048913,
    6.202180232558));
#556 = VECTOR('',#557,1.);
#557 = DIRECTION('',(0.,1.,0.));
#558 = ORIENTED_EDGE('',*,*,#559,.F.);
#559 = EDGE_CURVE('',#560,#552,#562,.T.);
#560 = VERTEX_POINT('',#561);
#561 = CARTESIAN_POINT('',(39.421374142748,-34.69289786036,
    5.755377906977));
#562 = LINE('',#563,#564);
#563 = CARTESIAN_POINT('',(39.421374142748,-34.69289786036,
    3.101090116279));
#564 = VECTOR('',#565,1.);
#565 = DIRECTION('',(0.,-2.22044604925E-16,1.));
#566 = ORIENTED_EDGE('',*,*,#567,.F.);
#567 = EDGE_CURVE('',#568,#560,#570,.T.);
#568 = VERTEX_POINT('',#569);
#569 = CARTESIAN_POINT('',(39.421374142748,-34.01321036036,
    5.755377906977));
#570 = LINE('',#571,#572);
#571 = CARTESIAN_POINT('',(39.421374142748,-47.9791578456,5.755377906977
    ));
#572 = VECTOR('',#573,1.);
#573 = DIRECTION('',(0.,-1.,-0.));
#574 = ORIENTED_EDGE('',*,*,#575,.F.);
#575 = EDGE_CURVE('',#576,#568,#578,.T.);
#576 = VERTEX_POINT('',#577);
#577 = CARTESIAN_POINT('',(39.421374142748,-34.01321036036,
    5.582558139535));
#578 = LINE('',#579,#580);
#579 = CARTESIAN_POINT('',(39.421374142748,-34.01321036036,
    2.877688953488));
#580 = VECTOR('',#581,1.);
#581 = DIRECTION('',(0.,-2.22044604925E-16,1.));
#582 = ORIENTED_EDGE('',*,*,#583,.F.);
#583 = EDGE_CURVE('',#584,#576,#586,.T.);
#584 = VERTEX_POINT('',#585);
#585 = CARTESIAN_POINT('',(39.421374142748,-34.69289786036,
    5.582558139535));
#586 = LINE('',#587,#588);
#587 = CARTESIAN_POINT('',(39.421374142748,-47.6393140956,5.582558139535
    ));
#588 = VECTOR('',#589,1.);
#589 = DIRECTION('',(0.,1.,0.));
#590 = ORIENTED_EDGE('',*,*,#591,.F.);
#591 = EDGE_CURVE('',#592,#584,#594,.T.);
#592 = VERTEX_POINT('',#593);
#593 = CARTESIAN_POINT('',(39.421374142748,-34.69289786036,4.925));
#594 = LINE('',#595,#596);
#595 = CARTESIAN_POINT('',(39.421374142748,-34.69289786036,
    2.791279069767));
#596 = VECTOR('',#597,1.);
#597 = DIRECTION('',(0.,-2.22044604925E-16,1.));
#598 = ORIENTED_EDGE('',*,*,#599,.F.);
#599 = EDGE_CURVE('',#528,#592,#600,.T.);
#600 = LINE('',#601,#602);
#601 = CARTESIAN_POINT('',(39.421374142748,-47.9791578456,4.925));
#602 = VECTOR('',#603,1.);
#603 = DIRECTION('',(0.,1.,0.));
#604 = FACE_BOUND('',#605,.T.);
#605 = EDGE_LOOP('',(#606,#627,#642,#657,#670,#681,#692,#707,#720,#735,
    #748));
#606 = ORIENTED_EDGE('',*,*,#607,.F.);
#607 = EDGE_CURVE('',#608,#610,#612,.T.);
#608 = VERTEX_POINT('',#609);
#609 = CARTESIAN_POINT('',(39.421374142748,-36.33132673028,
    6.195989280523));
#610 = VERTEX_POINT('',#611);
#611 = CARTESIAN_POINT('',(39.421374142748,-36.52495863435,
    5.630702670785));
#612 = B_SPLINE_CURVE_WITH_KNOTS('',5,(#613,#614,#615,#616,#617,#618,
    #619,#620,#621,#622,#623,#624,#625,#626),.UNSPECIFIED.,.F.,.F.,(6,4,
    4,6),(0.,8.60123094303E-02,0.534497778355,1.),.UNSPECIFIED.);
#613 = CARTESIAN_POINT('',(39.421374142748,-36.33132673028,
    6.195989280523));
#614 = CARTESIAN_POINT('',(39.421374142748,-36.33813925182,
    6.188803692325));
#615 = CARTESIAN_POINT('',(39.421374142748,-36.34480445889,
    6.181494160516));
#616 = CARTESIAN_POINT('',(39.421374142748,-36.35132130709,
    6.174061377882));
#617 = CARTESIAN_POINT('',(39.421374142748,-36.35768889416,
    6.166506159645));
#618 = CARTESIAN_POINT('',(39.421374142748,-36.39632609752,
    6.118801502328));
#619 = CARTESIAN_POINT('',(39.421374142748,-36.42466869819,
    6.075468190936));
#620 = CARTESIAN_POINT('',(39.421374142748,-36.4488205234,6.02896797426)
  );
#621 = CARTESIAN_POINT('',(39.421374142748,-36.46879499281,
    5.979515327747));
#622 = CARTESIAN_POINT('',(39.421374142748,-36.5011995004,5.873253564599
    ));
#623 = CARTESIAN_POINT('',(39.421374142748,-36.51331559039,
    5.816232507987));
#624 = CARTESIAN_POINT('',(39.421374142748,-36.52116093751,
    5.756598293623));
#625 = CARTESIAN_POINT('',(39.421374142748,-36.52495863435,
    5.694660447461));
#626 = CARTESIAN_POINT('',(39.421374142748,-36.52495863435,
    5.630702670785));
#627 = ORIENTED_EDGE('',*,*,#628,.F.);
#628 = EDGE_CURVE('',#629,#608,#631,.T.);
#629 = VERTEX_POINT('',#630);
#630 = CARTESIAN_POINT('',(39.421374142748,-35.83144028406,
    6.400290697674));
#631 = B_SPLINE_CURVE_WITH_KNOTS('',5,(#632,#633,#634,#635,#636,#637,
    #638,#639,#640,#641),.UNSPECIFIED.,.F.,.F.,(6,4,6),(0.,
    0.635704939234,1.),.UNSPECIFIED.);
#632 = CARTESIAN_POINT('',(39.421374142748,-35.83144028406,
    6.400290697674));
#633 = CARTESIAN_POINT('',(39.421374142748,-35.90743524221,
    6.400290697674));
#634 = CARTESIAN_POINT('',(39.421374142748,-35.9802913871,6.392428241077
    ));
#635 = CARTESIAN_POINT('',(39.421374142748,-36.04941653817,6.37620893441
    ));
#636 = CARTESIAN_POINT('',(39.421374142748,-36.11427774859,
    6.351385650451));
#637 = CARTESIAN_POINT('',(39.421374142748,-36.20901344448,
    6.299136358116));
#638 = CARTESIAN_POINT('',(39.421374142748,-36.24200568572,
    6.277344531359));
#639 = CARTESIAN_POINT('',(39.421374142748,-36.27341073357,
    6.252832105896));
#640 = CARTESIAN_POINT('',(39.421374142748,-36.30318953058,
    6.225676897344));
#641 = CARTESIAN_POINT('',(39.421374142748,-36.33132673028,
    6.195989280523));
#642 = ORIENTED_EDGE('',*,*,#643,.F.);
#643 = EDGE_CURVE('',#644,#629,#646,.T.);
#644 = VERTEX_POINT('',#645);
#645 = CARTESIAN_POINT('',(39.421374142748,-35.46986234074,
    6.304330941134));
#646 = B_SPLINE_CURVE_WITH_KNOTS('',5,(#647,#648,#649,#650,#651,#652,
    #653,#654,#655,#656),.UNSPECIFIED.,.F.,.F.,(6,4,6),(0.,
    0.263425831742,1.),.UNSPECIFIED.);
#647 = CARTESIAN_POINT('',(39.421374142748,-35.46986234074,
    6.304330941134));
#648 = CARTESIAN_POINT('',(39.421374142748,-35.48685223029,
    6.314455386559));
#649 = CARTESIAN_POINT('',(39.421374142748,-35.50412823377,
    6.323918871143));
#650 = CARTESIAN_POINT('',(39.421374142748,-35.52168738239,
    6.332717429252));
#651 = CARTESIAN_POINT('',(39.421374142748,-35.53952619177,
    6.340848250829));
#652 = CARTESIAN_POINT('',(39.421374142748,-35.60829116471,
    6.369172847992));
#653 = CARTESIAN_POINT('',(39.421374142748,-35.66109770558,
    6.384802828723));
#654 = CARTESIAN_POINT('',(39.421374142748,-35.71597090141,
    6.395162331005));
#655 = CARTESIAN_POINT('',(39.421374142748,-35.77279647276,
    6.400290697674));
#656 = CARTESIAN_POINT('',(39.421374142748,-35.83144028406,
    6.400290697674));
#657 = ORIENTED_EDGE('',*,*,#658,.F.);
#658 = EDGE_CURVE('',#659,#644,#661,.T.);
#659 = VERTEX_POINT('',#660);
#660 = CARTESIAN_POINT('',(39.421374142748,-35.22439767868,
    6.036736918605));
#661 = B_SPLINE_CURVE_WITH_KNOTS('',4,(#662,#663,#664,#665,#666,#667,
    #668,#669),.UNSPECIFIED.,.F.,.F.,(5,3,5),(0.,0.561211358335,1.),
  .UNSPECIFIED.);
#662 = CARTESIAN_POINT('',(39.421374142748,-35.22439767868,
    6.036736918605));
#663 = CARTESIAN_POINT('',(39.421374142748,-35.24798022664,
    6.084674609697));
#664 = CARTESIAN_POINT('',(39.421374142748,-35.2756461929,6.128880503054
    ));
#665 = CARTESIAN_POINT('',(39.421374142748,-35.30742498338,6.16918067765
    ));
#666 = CARTESIAN_POINT('',(39.421374142748,-35.37124094946,
    6.233886299813));
#667 = CARTESIAN_POINT('',(39.421374142748,-35.40170975047,
    6.259841678058));
#668 = CARTESIAN_POINT('',(39.421374142748,-35.43460814874,
    6.283322614856));
#669 = CARTESIAN_POINT('',(39.421374142748,-35.46986234074,
    6.304330941134));
#670 = ORIENTED_EDGE('',*,*,#671,.F.);
#671 = EDGE_CURVE('',#672,#659,#674,.T.);
#672 = VERTEX_POINT('',#673);
#673 = CARTESIAN_POINT('',(39.421374142748,-35.13989776952,
    5.647497274709));
#674 = B_SPLINE_CURVE_WITH_KNOTS('',5,(#675,#676,#677,#678,#679,#680),
  .UNSPECIFIED.,.F.,.F.,(6,6),(0.,1.),.PIECEWISE_BEZIER_KNOTS.);
#675 = CARTESIAN_POINT('',(39.421374142748,-35.13989776952,
    5.647497274709));
#676 = CARTESIAN_POINT('',(39.421374142748,-35.13989776952,
    5.733540699152));
#677 = CARTESIAN_POINT('',(39.421374142748,-35.14814995492,
    5.815802536412));
#678 = CARTESIAN_POINT('',(39.421374142748,-35.16493089703,
    5.893936560616));
#679 = CARTESIAN_POINT('',(39.421374142748,-35.19037170879,5.9676506742)
  );
#680 = CARTESIAN_POINT('',(39.421374142748,-35.22439767868,
    6.036736918605));
#681 = ORIENTED_EDGE('',*,*,#682,.F.);
#682 = EDGE_CURVE('',#683,#672,#685,.T.);
#683 = VERTEX_POINT('',#684);
#684 = CARTESIAN_POINT('',(39.421374142748,-35.22881037853,5.25279115189
    ));
#685 = B_SPLINE_CURVE_WITH_KNOTS('',5,(#686,#687,#688,#689,#690,#691),
  .UNSPECIFIED.,.F.,.F.,(6,6),(0.,1.),.PIECEWISE_BEZIER_KNOTS.);
#686 = CARTESIAN_POINT('',(39.421374142748,-35.22881037853,5.25279115189
    ));
#687 = CARTESIAN_POINT('',(39.421374142748,-35.1930287801,5.322870075045
    ));
#688 = CARTESIAN_POINT('',(39.421374142748,-35.16625115282,
    5.397640828884));
#689 = CARTESIAN_POINT('',(39.421374142748,-35.14858351349,
    5.476885904356));
#690 = CARTESIAN_POINT('',(39.421374142748,-35.13989776952,
    5.560295150658));
#691 = CARTESIAN_POINT('',(39.421374142748,-35.13989776952,
    5.647497274709));
#692 = ORIENTED_EDGE('',*,*,#693,.F.);
#693 = EDGE_CURVE('',#694,#683,#696,.T.);
#694 = VERTEX_POINT('',#695);
#695 = CARTESIAN_POINT('',(39.421374142748,-35.4807294374,4.989214662064
    ));
#696 = B_SPLINE_CURVE_WITH_KNOTS('',5,(#697,#698,#699,#700,#701,#702,
    #703,#704,#705,#706),.UNSPECIFIED.,.F.,.F.,(6,4,6),(0.,
    0.356512923863,1.),.UNSPECIFIED.);
#697 = CARTESIAN_POINT('',(39.421374142748,-35.4807294374,4.989214662064
    ));
#698 = CARTESIAN_POINT('',(39.421374142748,-35.45749603804,
    5.001971910441));
#699 = CARTESIAN_POINT('',(39.421374142748,-35.43517056649,
    5.015820888349));
#700 = CARTESIAN_POINT('',(39.421374142748,-35.41376913715,
    5.030761799205));
#701 = CARTESIAN_POINT('',(39.421374142748,-35.39330449549,
    5.046790662098));
#702 = CARTESIAN_POINT('',(39.421374142748,-35.33855619309,
    5.094779524603));
#703 = CARTESIAN_POINT('',(39.421374142748,-35.30640825241,
    5.129177928585));
#704 = CARTESIAN_POINT('',(39.421374142748,-35.27739825507,
    5.167045701469));
#705 = CARTESIAN_POINT('',(39.421374142748,-35.25153977955,
    5.208292035677));
#706 = CARTESIAN_POINT('',(39.421374142748,-35.22881037853,5.25279115189
    ));
#707 = ORIENTED_EDGE('',*,*,#708,.F.);
#708 = EDGE_CURVE('',#709,#694,#711,.T.);
#709 = VERTEX_POINT('',#710);
#710 = CARTESIAN_POINT('',(39.421374142748,-35.83242820193,
    4.899709302326));
#711 = B_SPLINE_CURVE_WITH_KNOTS('',4,(#712,#713,#714,#715,#716,#717,
    #718,#719),.UNSPECIFIED.,.F.,.F.,(5,3,5),(0.,0.55814913012,1.),
  .UNSPECIFIED.);
#712 = CARTESIAN_POINT('',(39.421374142748,-35.83242820193,
    4.899709302326));
#713 = CARTESIAN_POINT('',(39.421374142748,-35.77994972186,
    4.899709302326));
#714 = CARTESIAN_POINT('',(39.421374142748,-35.72863033749,
    4.904324597187));
#715 = CARTESIAN_POINT('',(39.421374142748,-35.67856919035,
    4.913621439501));
#716 = CARTESIAN_POINT('',(39.421374142748,-35.5912735997,4.938626601923
    ));
#717 = CARTESIAN_POINT('',(39.421374142748,-35.55353974398,
    4.952595383642));
#718 = CARTESIAN_POINT('',(39.421374142748,-35.5166825195,4.969473151529
    ));
#719 = CARTESIAN_POINT('',(39.421374142748,-35.4807294374,4.989214662064
    ));
#720 = ORIENTED_EDGE('',*,*,#721,.F.);
#721 = EDGE_CURVE('',#722,#709,#724,.T.);
#722 = VERTEX_POINT('',#723);
#723 = CARTESIAN_POINT('',(39.421374142748,-36.19795781676,4.9986328125)
  );
#724 = B_SPLINE_CURVE_WITH_KNOTS('',5,(#725,#726,#727,#728,#729,#730,
    #731,#732,#733,#734),.UNSPECIFIED.,.F.,.F.,(6,4,6),(0.,
    0.239352722844,1.),.UNSPECIFIED.);
#725 = CARTESIAN_POINT('',(39.421374142748,-36.19795781676,4.9986328125)
  );
#726 = CARTESIAN_POINT('',(39.421374142748,-36.18251090928,
    4.989143546636));
#727 = CARTESIAN_POINT('',(39.421374142748,-36.16680497976,
    4.980217642796));
#728 = CARTESIAN_POINT('',(39.421374142748,-36.15084244857,
    4.971858283146));
#729 = CARTESIAN_POINT('',(39.421374142748,-36.13462615215,
    4.964067769196));
#730 = CARTESIAN_POINT('',(39.421374142748,-36.06582890168,
    4.933902048464));
#731 = CARTESIAN_POINT('',(39.421374142748,-36.01096736965,
    4.916715343915));
#732 = CARTESIAN_POINT('',(39.421374142748,-35.95368182988,
    4.905334721277));
#733 = CARTESIAN_POINT('',(39.421374142748,-35.89411316005,
    4.899709302326));
#734 = CARTESIAN_POINT('',(39.421374142748,-35.83242820193,
    4.899709302326));
#735 = ORIENTED_EDGE('',*,*,#736,.F.);
#736 = EDGE_CURVE('',#737,#722,#739,.T.);
#737 = VERTEX_POINT('',#738);
#738 = CARTESIAN_POINT('',(39.421374142748,-36.4419735326,5.268663699128
    ));
#739 = B_SPLINE_CURVE_WITH_KNOTS('',4,(#740,#741,#742,#743,#744,#745,
    #746,#747),.UNSPECIFIED.,.F.,.F.,(5,3,5),(0.,0.519066734837,1.),
  .UNSPECIFIED.);
#740 = CARTESIAN_POINT('',(39.421374142748,-36.4419735326,5.268663699128
    ));
#741 = CARTESIAN_POINT('',(39.421374142748,-36.42051562496,
    5.224419537187));
#742 = CARTESIAN_POINT('',(39.421374142748,-36.395502958,5.183235942363)
  );
#743 = CARTESIAN_POINT('',(39.421374142748,-36.36691599578,
    5.145240672887));
#744 = CARTESIAN_POINT('',(39.421374142748,-36.3050676555,5.078307252228
    ));
#745 = CARTESIAN_POINT('',(39.421374142748,-36.27230371922,
    5.048908451879));
#746 = CARTESIAN_POINT('',(39.421374142748,-36.23656758661,
    5.022351370504));
#747 = CARTESIAN_POINT('',(39.421374142748,-36.19795781676,4.9986328125)
  );
#748 = ORIENTED_EDGE('',*,*,#749,.F.);
#749 = EDGE_CURVE('',#610,#737,#750,.T.);
#750 = B_SPLINE_CURVE_WITH_KNOTS('',4,(#751,#752,#753,#754,#755,#756,
    #757,#758),.UNSPECIFIED.,.F.,.F.,(5,3,5),(0.,0.521041231857,1.),
  .UNSPECIFIED.);
#751 = CARTESIAN_POINT('',(39.421374142748,-36.52495863435,
    5.630702670785));
#752 = CARTESIAN_POINT('',(39.421374142748,-36.52495863435,
    5.581079191454));
#753 = CARTESIAN_POINT('',(39.421374142748,-36.52122165116,
    5.532234692554));
#754 = CARTESIAN_POINT('',(39.421374142748,-36.51370879696,
    5.484234244116));
#755 = CARTESIAN_POINT('',(39.421374142748,-36.49206804969,
    5.393836043567));
#756 = CARTESIAN_POINT('',(39.421374142748,-36.4785234061,5.351298721747
    ));
#757 = CARTESIAN_POINT('',(39.421374142748,-36.46180961944,
    5.309563821037));
#758 = CARTESIAN_POINT('',(39.421374142748,-36.4419735326,5.268663699128
    ));
#759 = FACE_BOUND('',#760,.T.);
#760 = EDGE_LOOP('',(#761,#771,#779,#787,#795,#803,#811,#819,#827,#835)
  );
#761 = ORIENTED_EDGE('',*,*,#762,.F.);
#762 = EDGE_CURVE('',#763,#765,#767,.T.);
#763 = VERTEX_POINT('',#764);
#764 = CARTESIAN_POINT('',(39.421374142748,-39.61312405949,6.375));
#765 = VERTEX_POINT('',#766);
#766 = CARTESIAN_POINT('',(39.421374142748,-39.61312405949,4.925));
#767 = LINE('',#768,#769);
#768 = CARTESIAN_POINT('',(39.421374142748,-39.61312405949,2.4625));
#769 = VECTOR('',#770,1.);
#770 = DIRECTION('',(-0.,2.22044604925E-16,-1.));
#771 = ORIENTED_EDGE('',*,*,#772,.F.);
#772 = EDGE_CURVE('',#773,#763,#775,.T.);
#773 = VERTEX_POINT('',#774);
#774 = CARTESIAN_POINT('',(39.421374142748,-39.41652840179,6.375));
#775 = LINE('',#776,#777);
#776 = CARTESIAN_POINT('',(39.421374142748,-50.43927094516,6.375));
#777 = VECTOR('',#778,1.);
#778 = DIRECTION('',(0.,-1.,-0.));
#779 = ORIENTED_EDGE('',*,*,#780,.F.);
#780 = EDGE_CURVE('',#781,#773,#783,.T.);
#781 = VERTEX_POINT('',#782);
#782 = CARTESIAN_POINT('',(39.421374142748,-38.6558316358,5.24607331032)
  );
#783 = LINE('',#784,#785);
#784 = CARTESIAN_POINT('',(39.421374142748,-41.35065743956,9.2453814577)
  );
#785 = VECTOR('',#786,1.);
#786 = DIRECTION('',(0.,-0.558802108129,0.829301033371));
#787 = ORIENTED_EDGE('',*,*,#788,.F.);
#788 = EDGE_CURVE('',#789,#781,#791,.T.);
#789 = VERTEX_POINT('',#790);
#790 = CARTESIAN_POINT('',(39.421374142748,-38.6558316358,6.375));
#791 = LINE('',#792,#793);
#792 = CARTESIAN_POINT('',(39.421374142748,-38.6558316358,2.62303665516)
  );
#793 = VECTOR('',#794,1.);
#794 = DIRECTION('',(-0.,2.22044604925E-16,-1.));
#795 = ORIENTED_EDGE('',*,*,#796,.F.);
#796 = EDGE_CURVE('',#797,#789,#799,.T.);
#797 = VERTEX_POINT('',#798);
#798 = CARTESIAN_POINT('',(39.421374142748,-38.47207891051,6.375));
#799 = LINE('',#800,#801);
#800 = CARTESIAN_POINT('',(39.421374142748,-49.96062473331,6.375));
#801 = VECTOR('',#802,1.);
#802 = DIRECTION('',(0.,-1.,-0.));
#803 = ORIENTED_EDGE('',*,*,#804,.F.);
#804 = EDGE_CURVE('',#805,#797,#807,.T.);
#805 = VERTEX_POINT('',#806);
#806 = CARTESIAN_POINT('',(39.421374142748,-38.47207891051,4.925));
#807 = LINE('',#808,#809);
#808 = CARTESIAN_POINT('',(39.421374142748,-38.47207891051,3.1875));
#809 = VECTOR('',#810,1.);
#810 = DIRECTION('',(0.,-2.22044604925E-16,1.));
#811 = ORIENTED_EDGE('',*,*,#812,.F.);
#812 = EDGE_CURVE('',#813,#805,#815,.T.);
#813 = VERTEX_POINT('',#814);
#814 = CARTESIAN_POINT('',(39.421374142748,-38.66867456821,4.925));
#815 = LINE('',#816,#817);
#816 = CARTESIAN_POINT('',(39.421374142748,-49.86874837067,4.925));
#817 = VECTOR('',#818,1.);
#818 = DIRECTION('',(0.,1.,0.));
#819 = ORIENTED_EDGE('',*,*,#820,.F.);
#820 = EDGE_CURVE('',#821,#813,#823,.T.);
#821 = VERTEX_POINT('',#822);
#822 = CARTESIAN_POINT('',(39.421374142748,-39.4293713342,6.05392668968)
  );
#823 = LINE('',#824,#825);
#824 = CARTESIAN_POINT('',(39.421374142748,-41.05554194391,
    8.467276509675));
#825 = VECTOR('',#826,1.);
#826 = DIRECTION('',(-0.,0.558802108129,-0.829301033371));
#827 = ORIENTED_EDGE('',*,*,#828,.F.);
#828 = EDGE_CURVE('',#829,#821,#831,.T.);
#829 = VERTEX_POINT('',#830);
#830 = CARTESIAN_POINT('',(39.421374142748,-39.4293713342,4.925));
#831 = LINE('',#832,#833);
#832 = CARTESIAN_POINT('',(39.421374142748,-39.4293713342,3.02696334484)
  );
#833 = VECTOR('',#834,1.);
#834 = DIRECTION('',(0.,-2.22044604925E-16,1.));
#835 = ORIENTED_EDGE('',*,*,#836,.F.);
#836 = EDGE_CURVE('',#765,#829,#837,.T.);
#837 = LINE('',#838,#839);
#838 = CARTESIAN_POINT('',(39.421374142748,-50.34739458251,4.925));
#839 = VECTOR('',#840,1.);
#840 = DIRECTION('',(0.,1.,0.));
#841 = FACE_BOUND('',#842,.T.);
#842 = EDGE_LOOP('',(#843,#864,#879,#894,#907,#918,#929,#944,#957,#972,
    #985));
#843 = ORIENTED_EDGE('',*,*,#844,.F.);
#844 = EDGE_CURVE('',#845,#847,#849,.T.);
#845 = VERTEX_POINT('',#846);
#846 = CARTESIAN_POINT('',(39.421374142748,-41.04804184656,
    6.195989280523));
#847 = VERTEX_POINT('',#848);
#848 = CARTESIAN_POINT('',(39.421374142748,-41.24167375063,
    5.630702670785));
#849 = B_SPLINE_CURVE_WITH_KNOTS('',5,(#850,#851,#852,#853,#854,#855,
    #856,#857,#858,#859,#860,#861,#862,#863),.UNSPECIFIED.,.F.,.F.,(6,4,
    4,6),(0.,8.60123094303E-02,0.534497778355,1.),.UNSPECIFIED.);
#850 = CARTESIAN_POINT('',(39.421374142748,-41.04804184656,
    6.195989280523));
#851 = CARTESIAN_POINT('',(39.421374142748,-41.0548543681,6.188803692325
    ));
#852 = CARTESIAN_POINT('',(39.421374142748,-41.06151957517,
    6.181494160516));
#853 = CARTESIAN_POINT('',(39.421374142748,-41.06803642337,
    6.174061377882));
#854 = CARTESIAN_POINT('',(39.421374142748,-41.07440401044,
    6.166506159645));
#855 = CARTESIAN_POINT('',(39.421374142748,-41.1130412138,6.118801502328
    ));
#856 = CARTESIAN_POINT('',(39.421374142748,-41.14138381447,
    6.075468190936));
#857 = CARTESIAN_POINT('',(39.421374142748,-41.16553563968,6.02896797426
    ));
#858 = CARTESIAN_POINT('',(39.421374142748,-41.18551010909,
    5.979515327747));
#859 = CARTESIAN_POINT('',(39.421374142748,-41.21791461668,
    5.873253564599));
#860 = CARTESIAN_POINT('',(39.421374142748,-41.23003070667,
    5.816232507987));
#861 = CARTESIAN_POINT('',(39.421374142748,-41.23787605379,
    5.756598293623));
#862 = CARTESIAN_POINT('',(39.421374142748,-41.24167375063,
    5.694660447461));
#863 = CARTESIAN_POINT('',(39.421374142748,-41.24167375063,
    5.630702670785));
#864 = ORIENTED_EDGE('',*,*,#865,.F.);
#865 = EDGE_CURVE('',#866,#845,#868,.T.);
#866 = VERTEX_POINT('',#867);
#867 = CARTESIAN_POINT('',(39.421374142748,-40.54815540034,
    6.400290697674));
#868 = B_SPLINE_CURVE_WITH_KNOTS('',5,(#869,#870,#871,#872,#873,#874,
    #875,#876,#877,#878),.UNSPECIFIED.,.F.,.F.,(6,4,6),(0.,
    0.635704939234,1.),.UNSPECIFIED.);
#869 = CARTESIAN_POINT('',(39.421374142748,-40.54815540034,
    6.400290697674));
#870 = CARTESIAN_POINT('',(39.421374142748,-40.62415035849,
    6.400290697674));
#871 = CARTESIAN_POINT('',(39.421374142748,-40.69700650338,
    6.392428241077));
#872 = CARTESIAN_POINT('',(39.421374142748,-40.76613165445,6.37620893441
    ));
#873 = CARTESIAN_POINT('',(39.421374142748,-40.83099286487,
    6.351385650451));
#874 = CARTESIAN_POINT('',(39.421374142748,-40.92572856076,
    6.299136358116));
#875 = CARTESIAN_POINT('',(39.421374142748,-40.958720802,6.277344531359)
  );
#876 = CARTESIAN_POINT('',(39.421374142748,-40.99012584985,
    6.252832105896));
#877 = CARTESIAN_POINT('',(39.421374142748,-41.01990464686,
    6.225676897344));
#878 = CARTESIAN_POINT('',(39.421374142748,-41.04804184656,
    6.195989280523));
#879 = ORIENTED_EDGE('',*,*,#880,.F.);
#880 = EDGE_CURVE('',#881,#866,#883,.T.);
#881 = VERTEX_POINT('',#882);
#882 = CARTESIAN_POINT('',(39.421374142748,-40.18657745702,
    6.304330941134));
#883 = B_SPLINE_CURVE_WITH_KNOTS('',5,(#884,#885,#886,#887,#888,#889,
    #890,#891,#892,#893),.UNSPECIFIED.,.F.,.F.,(6,4,6),(0.,
    0.263425831742,1.),.UNSPECIFIED.);
#884 = CARTESIAN_POINT('',(39.421374142748,-40.18657745702,
    6.304330941134));
#885 = CARTESIAN_POINT('',(39.421374142748,-40.20356734656,
    6.314455386559));
#886 = CARTESIAN_POINT('',(39.421374142748,-40.22084335005,
    6.323918871143));
#887 = CARTESIAN_POINT('',(39.421374142748,-40.23840249867,
    6.332717429252));
#888 = CARTESIAN_POINT('',(39.421374142748,-40.25624130805,
    6.340848250829));
#889 = CARTESIAN_POINT('',(39.421374142748,-40.32500628099,
    6.369172847992));
#890 = CARTESIAN_POINT('',(39.421374142748,-40.37781282186,
    6.384802828723));
#891 = CARTESIAN_POINT('',(39.421374142748,-40.43268601768,
    6.395162331005));
#892 = CARTESIAN_POINT('',(39.421374142748,-40.48951158904,
    6.400290697674));
#893 = CARTESIAN_POINT('',(39.421374142748,-40.54815540034,
    6.400290697674));
#894 = ORIENTED_EDGE('',*,*,#895,.F.);
#895 = EDGE_CURVE('',#896,#881,#898,.T.);
#896 = VERTEX_POINT('',#897);
#897 = CARTESIAN_POINT('',(39.421374142748,-39.94111279496,
    6.036736918605));
#898 = B_SPLINE_CURVE_WITH_KNOTS('',4,(#899,#900,#901,#902,#903,#904,
    #905,#906),.UNSPECIFIED.,.F.,.F.,(5,3,5),(0.,0.561211358335,1.),
  .UNSPECIFIED.);
#899 = CARTESIAN_POINT('',(39.421374142748,-39.94111279496,
    6.036736918605));
#900 = CARTESIAN_POINT('',(39.421374142748,-39.96469534292,
    6.084674609697));
#901 = CARTESIAN_POINT('',(39.421374142748,-39.99236130918,
    6.128880503054));
#902 = CARTESIAN_POINT('',(39.421374142748,-40.02414009965,6.16918067765
    ));
#903 = CARTESIAN_POINT('',(39.421374142748,-40.08795606574,
    6.233886299813));
#904 = CARTESIAN_POINT('',(39.421374142748,-40.11842486675,
    6.259841678058));
#905 = CARTESIAN_POINT('',(39.421374142748,-40.15132326502,
    6.283322614856));
#906 = CARTESIAN_POINT('',(39.421374142748,-40.18657745702,
    6.304330941134));
#907 = ORIENTED_EDGE('',*,*,#908,.F.);
#908 = EDGE_CURVE('',#909,#896,#911,.T.);
#909 = VERTEX_POINT('',#910);
#910 = CARTESIAN_POINT('',(39.421374142748,-39.8566128858,5.647497274709
    ));
#911 = B_SPLINE_CURVE_WITH_KNOTS('',5,(#912,#913,#914,#915,#916,#917),
  .UNSPECIFIED.,.F.,.F.,(6,6),(0.,1.),.PIECEWISE_BEZIER_KNOTS.);
#912 = CARTESIAN_POINT('',(39.421374142748,-39.8566128858,5.647497274709
    ));
#913 = CARTESIAN_POINT('',(39.421374142748,-39.8566128858,5.733540699152
    ));
#914 = CARTESIAN_POINT('',(39.421374142748,-39.8648650712,5.815802536412
    ));
#915 = CARTESIAN_POINT('',(39.421374142748,-39.88164601331,
    5.893936560616));
#916 = CARTESIAN_POINT('',(39.421374142748,-39.90708682506,5.9676506742)
  );
#917 = CARTESIAN_POINT('',(39.421374142748,-39.94111279496,
    6.036736918605));
#918 = ORIENTED_EDGE('',*,*,#919,.F.);
#919 = EDGE_CURVE('',#920,#909,#922,.T.);
#920 = VERTEX_POINT('',#921);
#921 = CARTESIAN_POINT('',(39.421374142748,-39.94552549481,5.25279115189
    ));
#922 = B_SPLINE_CURVE_WITH_KNOTS('',5,(#923,#924,#925,#926,#927,#928),
  .UNSPECIFIED.,.F.,.F.,(6,6),(0.,1.),.PIECEWISE_BEZIER_KNOTS.);
#923 = CARTESIAN_POINT('',(39.421374142748,-39.94552549481,5.25279115189
    ));
#924 = CARTESIAN_POINT('',(39.421374142748,-39.90974389638,
    5.322870075045));
#925 = CARTESIAN_POINT('',(39.421374142748,-39.8829662691,5.397640828884
    ));
#926 = CARTESIAN_POINT('',(39.421374142748,-39.86529862977,
    5.476885904356));
#927 = CARTESIAN_POINT('',(39.421374142748,-39.8566128858,5.560295150658
    ));
#928 = CARTESIAN_POINT('',(39.421374142748,-39.8566128858,5.647497274709
    ));
#929 = ORIENTED_EDGE('',*,*,#930,.F.);
#930 = EDGE_CURVE('',#931,#920,#933,.T.);
#931 = VERTEX_POINT('',#932);
#932 = CARTESIAN_POINT('',(39.421374142748,-40.19744455368,
    4.989214662064));
#933 = B_SPLINE_CURVE_WITH_KNOTS('',5,(#934,#935,#936,#937,#938,#939,
    #940,#941,#942,#943),.UNSPECIFIED.,.F.,.F.,(6,4,6),(0.,
    0.356512923863,1.),.UNSPECIFIED.);
#934 = CARTESIAN_POINT('',(39.421374142748,-40.19744455368,
    4.989214662064));
#935 = CARTESIAN_POINT('',(39.421374142748,-40.17421115432,
    5.001971910441));
#936 = CARTESIAN_POINT('',(39.421374142748,-40.15188568277,
    5.015820888349));
#937 = CARTESIAN_POINT('',(39.421374142748,-40.13048425343,
    5.030761799205));
#938 = CARTESIAN_POINT('',(39.421374142748,-40.11001961177,
    5.046790662098));
#939 = CARTESIAN_POINT('',(39.421374142748,-40.05527130937,
    5.094779524603));
#940 = CARTESIAN_POINT('',(39.421374142748,-40.02312336869,
    5.129177928585));
#941 = CARTESIAN_POINT('',(39.421374142748,-39.99411337135,
    5.167045701469));
#942 = CARTESIAN_POINT('',(39.421374142748,-39.96825489583,
    5.208292035677));
#943 = CARTESIAN_POINT('',(39.421374142748,-39.94552549481,5.25279115189
    ));
#944 = ORIENTED_EDGE('',*,*,#945,.F.);
#945 = EDGE_CURVE('',#946,#931,#948,.T.);
#946 = VERTEX_POINT('',#947);
#947 = CARTESIAN_POINT('',(39.421374142748,-40.54914331821,
    4.899709302326));
#948 = B_SPLINE_CURVE_WITH_KNOTS('',4,(#949,#950,#951,#952,#953,#954,
    #955,#956),.UNSPECIFIED.,.F.,.F.,(5,3,5),(0.,0.55814913012,1.),
  .UNSPECIFIED.);
#949 = CARTESIAN_POINT('',(39.421374142748,-40.54914331821,
    4.899709302326));
#950 = CARTESIAN_POINT('',(39.421374142748,-40.49666483814,
    4.899709302326));
#951 = CARTESIAN_POINT('',(39.421374142748,-40.44534545377,
    4.904324597187));
#952 = CARTESIAN_POINT('',(39.421374142748,-40.39528430663,
    4.913621439501));
#953 = CARTESIAN_POINT('',(39.421374142748,-40.30798871598,
    4.938626601923));
#954 = CARTESIAN_POINT('',(39.421374142748,-40.27025486026,
    4.952595383642));
#955 = CARTESIAN_POINT('',(39.421374142748,-40.23339763578,
    4.969473151529));
#956 = CARTESIAN_POINT('',(39.421374142748,-40.19744455368,
    4.989214662064));
#957 = ORIENTED_EDGE('',*,*,#958,.F.);
#958 = EDGE_CURVE('',#959,#946,#961,.T.);
#959 = VERTEX_POINT('',#960);
#960 = CARTESIAN_POINT('',(39.421374142748,-40.91467293304,4.9986328125)
  );
#961 = B_SPLINE_CURVE_WITH_KNOTS('',5,(#962,#963,#964,#965,#966,#967,
    #968,#969,#970,#971),.UNSPECIFIED.,.F.,.F.,(6,4,6),(0.,
    0.239352722844,1.),.UNSPECIFIED.);
#962 = CARTESIAN_POINT('',(39.421374142748,-40.91467293304,4.9986328125)
  );
#963 = CARTESIAN_POINT('',(39.421374142748,-40.89922602556,
    4.989143546636));
#964 = CARTESIAN_POINT('',(39.421374142748,-40.88352009604,
    4.980217642796));
#965 = CARTESIAN_POINT('',(39.421374142748,-40.86755756485,
    4.971858283146));
#966 = CARTESIAN_POINT('',(39.421374142748,-40.85134126843,
    4.964067769196));
#967 = CARTESIAN_POINT('',(39.421374142748,-40.78254401796,
    4.933902048464));
#968 = CARTESIAN_POINT('',(39.421374142748,-40.72768248593,
    4.916715343915));
#969 = CARTESIAN_POINT('',(39.421374142748,-40.67039694616,
    4.905334721277));
#970 = CARTESIAN_POINT('',(39.421374142748,-40.61082827633,
    4.899709302326));
#971 = CARTESIAN_POINT('',(39.421374142748,-40.54914331821,
    4.899709302326));
#972 = ORIENTED_EDGE('',*,*,#973,.F.);
#973 = EDGE_CURVE('',#974,#959,#976,.T.);
#974 = VERTEX_POINT('',#975);
#975 = CARTESIAN_POINT('',(39.421374142748,-41.15868864888,
    5.268663699128));
#976 = B_SPLINE_CURVE_WITH_KNOTS('',4,(#977,#978,#979,#980,#981,#982,
    #983,#984),.UNSPECIFIED.,.F.,.F.,(5,3,5),(0.,0.519066734837,1.),
  .UNSPECIFIED.);
#977 = CARTESIAN_POINT('',(39.421374142748,-41.15868864888,
    5.268663699128));
#978 = CARTESIAN_POINT('',(39.421374142748,-41.13723074124,
    5.224419537187));
#979 = CARTESIAN_POINT('',(39.421374142748,-41.11221807428,
    5.183235942363));
#980 = CARTESIAN_POINT('',(39.421374142748,-41.08363111206,
    5.145240672887));
#981 = CARTESIAN_POINT('',(39.421374142748,-41.02178277178,
    5.078307252228));
#982 = CARTESIAN_POINT('',(39.421374142748,-40.9890188355,5.048908451879
    ));
#983 = CARTESIAN_POINT('',(39.421374142748,-40.95328270289,
    5.022351370504));
#984 = CARTESIAN_POINT('',(39.421374142748,-40.91467293304,4.9986328125)
  );
#985 = ORIENTED_EDGE('',*,*,#986,.F.);
#986 = EDGE_CURVE('',#847,#974,#987,.T.);
#987 = B_SPLINE_CURVE_WITH_KNOTS('',4,(#988,#989,#990,#991,#992,#993,
    #994,#995),.UNSPECIFIED.,.F.,.F.,(5,3,5),(0.,0.521041231857,1.),
  .UNSPECIFIED.);
#988 = CARTESIAN_POINT('',(39.421374142748,-41.24167375063,
    5.630702670785));
#989 = CARTESIAN_POINT('',(39.421374142748,-41.24167375063,
    5.581079191454));
#990 = CARTESIAN_POINT('',(39.421374142748,-41.23793676744,
    5.532234692554));
#991 = CARTESIAN_POINT('',(39.421374142748,-41.23042391324,
    5.484234244116));
#992 = CARTESIAN_POINT('',(39.421374142748,-41.20878316597,
    5.393836043567));
#993 = CARTESIAN_POINT('',(39.421374142748,-41.19523852238,
    5.351298721747));
#994 = CARTESIAN_POINT('',(39.421374142748,-41.17852473572,
    5.309563821037));
#995 = CARTESIAN_POINT('',(39.421374142748,-41.15868864888,
    5.268663699128));
#996 = FACE_BOUND('',#997,.T.);
#997 = EDGE_LOOP('',(#998));
#998 = ORIENTED_EDGE('',*,*,#999,.F.);
#999 = EDGE_CURVE('',#1000,#1000,#1002,.T.);
#1000 = VERTEX_POINT('',#1001);
#1001 = CARTESIAN_POINT('',(39.421374142748,-48.88110617221,11.35));
#1002 = CIRCLE('',#1003,3.65);
#1003 = AXIS2_PLACEMENT_3D('',#1004,#1005,#1006);
#1004 = CARTESIAN_POINT('',(39.421374142748,-48.88110617221,7.7));
#1005 = DIRECTION('',(1.,0.,0.));
#1006 = DIRECTION('',(-0.,0.,1.));
#1007 = FACE_BOUND('',#1008,.T.);
#1008 = EDGE_LOOP('',(#1009,#1020,#1028,#1037,#1045,#1054,#1062,#1071));
#1009 = ORIENTED_EDGE('',*,*,#1010,.F.);
#1010 = EDGE_CURVE('',#1011,#1013,#1015,.T.);
#1011 = VERTEX_POINT('',#1012);
#1012 = CARTESIAN_POINT('',(39.421374142748,-30.85706277013,7.35));
#1013 = VERTEX_POINT('',#1014);
#1014 = CARTESIAN_POINT('',(39.421374142748,-30.05706277013,8.15));
#1015 = CIRCLE('',#1016,0.8);
#1016 = AXIS2_PLACEMENT_3D('',#1017,#1018,#1019);
#1017 = CARTESIAN_POINT('',(39.421374142748,-30.85706277013,8.15));
#1018 = DIRECTION('',(1.,0.,0.));
#1019 = DIRECTION('',(-0.,0.,1.));
#1020 = ORIENTED_EDGE('',*,*,#1021,.T.);
#1021 = EDGE_CURVE('',#1011,#1022,#1024,.T.);
#1022 = VERTEX_POINT('',#1023);
#1023 = CARTESIAN_POINT('',(39.421374142748,-43.05708505815,7.35));
#1024 = LINE('',#1025,#1026);
#1025 = CARTESIAN_POINT('',(39.421374142748,-52.16125144449,7.35));
#1026 = VECTOR('',#1027,1.);
#1027 = DIRECTION('',(0.,-1.,0.));
#1028 = ORIENTED_EDGE('',*,*,#1029,.F.);
#1029 = EDGE_CURVE('',#1030,#1022,#1032,.T.);
#1030 = VERTEX_POINT('',#1031);
#1031 = CARTESIAN_POINT('',(39.421374142748,-43.85708505815,8.15));
#1032 = CIRCLE('',#1033,0.8);
#1033 = AXIS2_PLACEMENT_3D('',#1034,#1035,#1036);
#1034 = CARTESIAN_POINT('',(39.421374142748,-43.05708505815,8.15));
#1035 = DIRECTION('',(1.,0.,0.));
#1036 = DIRECTION('',(-0.,0.,1.));
#1037 = ORIENTED_EDGE('',*,*,#1038,.T.);
#1038 = EDGE_CURVE('',#1030,#1039,#1041,.T.);
#1039 = VERTEX_POINT('',#1040);
#1040 = CARTESIAN_POINT('',(39.421374142748,-43.85708505815,10.8));
#1041 = LINE('',#1042,#1043);
#1042 = CARTESIAN_POINT('',(39.421374142748,-43.85708505815,4.075));
#1043 = VECTOR('',#1044,1.);
#1044 = DIRECTION('',(0.,0.,1.));
#1045 = ORIENTED_EDGE('',*,*,#1046,.F.);
#1046 = EDGE_CURVE('',#1047,#1039,#1049,.T.);
#1047 = VERTEX_POINT('',#1048);
#1048 = CARTESIAN_POINT('',(39.421374142748,-43.05708505815,11.6));
#1049 = CIRCLE('',#1050,0.8);
#1050 = AXIS2_PLACEMENT_3D('',#1051,#1052,#1053);
#1051 = CARTESIAN_POINT('',(39.421374142748,-43.05708505815,10.8));
#1052 = DIRECTION('',(1.,0.,0.));
#1053 = DIRECTION('',(-0.,0.,1.));
#1054 = ORIENTED_EDGE('',*,*,#1055,.F.);
#1055 = EDGE_CURVE('',#1056,#1047,#1058,.T.);
#1056 = VERTEX_POINT('',#1057);
#1057 = CARTESIAN_POINT('',(39.421374142748,-30.85706277013,11.6));
#1058 = LINE('',#1059,#1060);
#1059 = CARTESIAN_POINT('',(39.421374142748,-52.16125144449,11.6));
#1060 = VECTOR('',#1061,1.);
#1061 = DIRECTION('',(0.,-1.,0.));
#1062 = ORIENTED_EDGE('',*,*,#1063,.F.);
#1063 = EDGE_CURVE('',#1064,#1056,#1066,.T.);
#1064 = VERTEX_POINT('',#1065);
#1065 = CARTESIAN_POINT('',(39.421374142748,-30.05706277013,10.8));
#1066 = CIRCLE('',#1067,0.8);
#1067 = AXIS2_PLACEMENT_3D('',#1068,#1069,#1070);
#1068 = CARTESIAN_POINT('',(39.421374142748,-30.85706277013,10.8));
#1069 = DIRECTION('',(1.,0.,0.));
#1070 = DIRECTION('',(-0.,0.,1.));
#1071 = ORIENTED_EDGE('',*,*,#1072,.F.);
#1072 = EDGE_CURVE('',#1013,#1064,#1073,.T.);
#1073 = LINE('',#1074,#1075);
#1074 = CARTESIAN_POINT('',(39.421374142748,-30.05706277013,4.075));
#1075 = VECTOR('',#1076,1.);
#1076 = DIRECTION('',(0.,0.,1.));
#1077 = PLANE('',#1078);
#1078 = AXIS2_PLACEMENT_3D('',#1079,#1080,#1081);
#1079 = CARTESIAN_POINT('',(39.421374142748,-61.26541783083,0.));
#1080 = DIRECTION('',(1.,0.,-0.));
#1081 = DIRECTION('',(0.,0.,1.));
#1082 = ADVANCED_FACE('',(#1083),#1143,.F.);
#1083 = FACE_BOUND('',#1084,.F.);
#1084 = EDGE_LOOP('',(#1085,#1095,#1104,#1110,#1111,#1119,#1128,#1136));
#1085 = ORIENTED_EDGE('',*,*,#1086,.F.);
#1086 = EDGE_CURVE('',#1087,#1089,#1091,.T.);
#1087 = VERTEX_POINT('',#1088);
#1088 = CARTESIAN_POINT('',(-0.410299720599,-56.96541783083,2.));
#1089 = VERTEX_POINT('',#1090);
#1090 = CARTESIAN_POINT('',(-0.410299720599,-56.96541783083,10.65));
#1091 = LINE('',#1092,#1093);
#1092 = CARTESIAN_POINT('',(-0.410299720599,-56.96541783083,2.));
#1093 = VECTOR('',#1094,1.);
#1094 = DIRECTION('',(0.,0.,1.));
#1095 = ORIENTED_EDGE('',*,*,#1096,.T.);
#1096 = EDGE_CURVE('',#1087,#1097,#1099,.T.);
#1097 = VERTEX_POINT('',#1098);
#1098 = CARTESIAN_POINT('',(2.089700279401,-59.46541783083,2.));
#1099 = CIRCLE('',#1100,2.5);
#1100 = AXIS2_PLACEMENT_3D('',#1101,#1102,#1103);
#1101 = CARTESIAN_POINT('',(2.089700279401,-56.96541783083,2.));
#1102 = DIRECTION('',(0.,0.,1.));
#1103 = DIRECTION('',(0.,-1.,0.));
#1104 = ORIENTED_EDGE('',*,*,#1105,.T.);
#1105 = EDGE_CURVE('',#1097,#125,#1106,.T.);
#1106 = LINE('',#1107,#1108);
#1107 = CARTESIAN_POINT('',(2.089700279401,-59.46541783083,2.));
#1108 = VECTOR('',#1109,1.);
#1109 = DIRECTION('',(0.,0.,1.));
#1110 = ORIENTED_EDGE('',*,*,#122,.F.);
#1111 = ORIENTED_EDGE('',*,*,#1112,.F.);
#1112 = EDGE_CURVE('',#1113,#123,#1115,.T.);
#1113 = VERTEX_POINT('',#1114);
#1114 = CARTESIAN_POINT('',(-0.410299720599,-56.96541783083,11.5));
#1115 = LINE('',#1116,#1117);
#1116 = CARTESIAN_POINT('',(-0.410299720599,-56.96541783083,2.));
#1117 = VECTOR('',#1118,1.);
#1118 = DIRECTION('',(0.,0.,1.));
#1119 = ORIENTED_EDGE('',*,*,#1120,.T.);
#1120 = EDGE_CURVE('',#1113,#1121,#1123,.T.);
#1121 = VERTEX_POINT('',#1122);
#1122 = CARTESIAN_POINT('',(-0.410060523871,-57.,11.5));
#1123 = CIRCLE('',#1124,2.5);
#1124 = AXIS2_PLACEMENT_3D('',#1125,#1126,#1127);
#1125 = CARTESIAN_POINT('',(2.089700279401,-56.96541783083,11.5));
#1126 = DIRECTION('',(0.,0.,1.));
#1127 = DIRECTION('',(-1.,-0.,0.));
#1128 = ORIENTED_EDGE('',*,*,#1129,.F.);
#1129 = EDGE_CURVE('',#1130,#1121,#1132,.T.);
#1130 = VERTEX_POINT('',#1131);
#1131 = CARTESIAN_POINT('',(-0.410060523871,-57.,10.65));
#1132 = LINE('',#1133,#1134);
#1133 = CARTESIAN_POINT('',(-0.410060523871,-57.,2.));
#1134 = VECTOR('',#1135,1.);
#1135 = DIRECTION('',(0.,0.,1.));
#1136 = ORIENTED_EDGE('',*,*,#1137,.F.);
#1137 = EDGE_CURVE('',#1089,#1130,#1138,.T.);
#1138 = CIRCLE('',#1139,2.5);
#1139 = AXIS2_PLACEMENT_3D('',#1140,#1141,#1142);
#1140 = CARTESIAN_POINT('',(2.089700279401,-56.96541783083,10.65));
#1141 = DIRECTION('',(0.,0.,1.));
#1142 = DIRECTION('',(-1.,-0.,0.));
#1143 = CYLINDRICAL_SURFACE('',#1144,2.5);
#1144 = AXIS2_PLACEMENT_3D('',#1145,#1146,#1147);
#1145 = CARTESIAN_POINT('',(2.089700279401,-56.96541783083,2.));
#1146 = DIRECTION('',(0.,0.,1.));
#1147 = DIRECTION('',(-1.,-0.,0.));
#1148 = ADVANCED_FACE('',(#1149),#1167,.T.);
#1149 = FACE_BOUND('',#1150,.T.);
#1150 = EDGE_LOOP('',(#1151,#1159,#1160,#1161));
#1151 = ORIENTED_EDGE('',*,*,#1152,.F.);
#1152 = EDGE_CURVE('',#1097,#1153,#1155,.T.);
#1153 = VERTEX_POINT('',#1154);
#1154 = CARTESIAN_POINT('',(35.121374142748,-59.46541783083,2.));
#1155 = LINE('',#1156,#1157);
#1156 = CARTESIAN_POINT('',(-0.410299720599,-59.46541783083,2.));
#1157 = VECTOR('',#1158,1.);
#1158 = DIRECTION('',(1.,0.,-0.));
#1159 = ORIENTED_EDGE('',*,*,#1105,.T.);
#1160 = ORIENTED_EDGE('',*,*,#184,.F.);
#1161 = ORIENTED_EDGE('',*,*,#1162,.F.);
#1162 = EDGE_CURVE('',#1153,#176,#1163,.T.);
#1163 = LINE('',#1164,#1165);
#1164 = CARTESIAN_POINT('',(35.121374142748,-59.46541783083,2.));
#1165 = VECTOR('',#1166,1.);
#1166 = DIRECTION('',(0.,0.,1.));
#1167 = PLANE('',#1168);
#1168 = AXIS2_PLACEMENT_3D('',#1169,#1170,#1171);
#1169 = CARTESIAN_POINT('',(-0.410299720599,-59.46541783083,2.));
#1170 = DIRECTION('',(-0.,1.,0.));
#1171 = DIRECTION('',(0.,0.,1.));
#1172 = ADVANCED_FACE('',(#1173),#1226,.F.);
#1173 = FACE_BOUND('',#1174,.T.);
#1174 = EDGE_LOOP('',(#1175,#1185,#1192,#1193,#1194,#1202,#1211,#1219));
#1175 = ORIENTED_EDGE('',*,*,#1176,.F.);
#1176 = EDGE_CURVE('',#1177,#1179,#1181,.T.);
#1177 = VERTEX_POINT('',#1178);
#1178 = CARTESIAN_POINT('',(37.621374142748,-56.96541783083,2.));
#1179 = VERTEX_POINT('',#1180);
#1180 = CARTESIAN_POINT('',(37.621374142748,-56.96541783083,10.65));
#1181 = LINE('',#1182,#1183);
#1182 = CARTESIAN_POINT('',(37.621374142748,-56.96541783083,2.));
#1183 = VECTOR('',#1184,1.);
#1184 = DIRECTION('',(0.,0.,1.));
#1185 = ORIENTED_EDGE('',*,*,#1186,.T.);
#1186 = EDGE_CURVE('',#1177,#1153,#1187,.T.);
#1187 = CIRCLE('',#1188,2.5);
#1188 = AXIS2_PLACEMENT_3D('',#1189,#1190,#1191);
#1189 = CARTESIAN_POINT('',(35.121374142748,-56.96541783083,2.));
#1190 = DIRECTION('',(-0.,-0.,-1.));
#1191 = DIRECTION('',(0.,-1.,0.));
#1192 = ORIENTED_EDGE('',*,*,#1162,.T.);
#1193 = ORIENTED_EDGE('',*,*,#175,.T.);
#1194 = ORIENTED_EDGE('',*,*,#1195,.F.);
#1195 = EDGE_CURVE('',#1196,#168,#1198,.T.);
#1196 = VERTEX_POINT('',#1197);
#1197 = CARTESIAN_POINT('',(37.621374142748,-56.96541783083,11.5));
#1198 = LINE('',#1199,#1200);
#1199 = CARTESIAN_POINT('',(37.621374142748,-56.96541783083,2.));
#1200 = VECTOR('',#1201,1.);
#1201 = DIRECTION('',(0.,0.,1.));
#1202 = ORIENTED_EDGE('',*,*,#1203,.F.);
#1203 = EDGE_CURVE('',#1204,#1196,#1206,.T.);
#1204 = VERTEX_POINT('',#1205);
#1205 = CARTESIAN_POINT('',(37.62113494602,-57.,11.5));
#1206 = CIRCLE('',#1207,2.5);
#1207 = AXIS2_PLACEMENT_3D('',#1208,#1209,#1210);
#1208 = CARTESIAN_POINT('',(35.121374142748,-56.96541783083,11.5));
#1209 = DIRECTION('',(0.,0.,1.));
#1210 = DIRECTION('',(1.,0.,-0.));
#1211 = ORIENTED_EDGE('',*,*,#1212,.F.);
#1212 = EDGE_CURVE('',#1213,#1204,#1215,.T.);
#1213 = VERTEX_POINT('',#1214);
#1214 = CARTESIAN_POINT('',(37.62113494602,-57.,10.65));
#1215 = LINE('',#1216,#1217);
#1216 = CARTESIAN_POINT('',(37.62113494602,-57.,2.));
#1217 = VECTOR('',#1218,1.);
#1218 = DIRECTION('',(0.,0.,1.));
#1219 = ORIENTED_EDGE('',*,*,#1220,.T.);
#1220 = EDGE_CURVE('',#1213,#1179,#1221,.T.);
#1221 = CIRCLE('',#1222,2.5);
#1222 = AXIS2_PLACEMENT_3D('',#1223,#1224,#1225);
#1223 = CARTESIAN_POINT('',(35.121374142748,-56.96541783083,10.65));
#1224 = DIRECTION('',(0.,0.,1.));
#1225 = DIRECTION('',(1.,0.,-0.));
#1226 = CYLINDRICAL_SURFACE('',#1227,2.5);
#1227 = AXIS2_PLACEMENT_3D('',#1228,#1229,#1230);
#1228 = CARTESIAN_POINT('',(35.121374142748,-56.96541783083,2.));
#1229 = DIRECTION('',(0.,0.,1.));
#1230 = DIRECTION('',(1.,0.,-0.));
#1231 = ADVANCED_FACE('',(#1232,#1323,#1393),#1463,.F.);
#1232 = FACE_BOUND('',#1233,.F.);
#1233 = EDGE_LOOP('',(#1234,#1235,#1236,#1244,#1252,#1261,#1270,#1276,
    #1277,#1285,#1293,#1301,#1309,#1317));
#1234 = ORIENTED_EDGE('',*,*,#167,.F.);
#1235 = ORIENTED_EDGE('',*,*,#1195,.F.);
#1236 = ORIENTED_EDGE('',*,*,#1237,.F.);
#1237 = EDGE_CURVE('',#1238,#1196,#1240,.T.);
#1238 = VERTEX_POINT('',#1239);
#1239 = CARTESIAN_POINT('',(37.621374142748,-51.,11.5));
#1240 = LINE('',#1241,#1242);
#1241 = CARTESIAN_POINT('',(37.621374142748,-58.23270891541,11.5));
#1242 = VECTOR('',#1243,1.);
#1243 = DIRECTION('',(0.,-1.,0.));
#1244 = ORIENTED_EDGE('',*,*,#1245,.F.);
#1245 = EDGE_CURVE('',#1246,#1238,#1248,.T.);
#1246 = VERTEX_POINT('',#1247);
#1247 = CARTESIAN_POINT('',(37.621374142748,-51.,10.672000832194));
#1248 = LINE('',#1249,#1250);
#1249 = CARTESIAN_POINT('',(37.621374142748,-51.,6.325));
#1250 = VECTOR('',#1251,1.);
#1251 = DIRECTION('',(0.,0.,1.));
#1252 = ORIENTED_EDGE('',*,*,#1253,.F.);
#1253 = EDGE_CURVE('',#1254,#1246,#1256,.T.);
#1254 = VERTEX_POINT('',#1255);
#1255 = CARTESIAN_POINT('',(37.621374142748,-48.88110617221,11.35));
#1256 = CIRCLE('',#1257,3.65);
#1257 = AXIS2_PLACEMENT_3D('',#1258,#1259,#1260);
#1258 = CARTESIAN_POINT('',(37.621374142748,-48.88110617221,7.7));
#1259 = DIRECTION('',(1.,0.,0.));
#1260 = DIRECTION('',(-0.,0.,1.));
#1261 = ORIENTED_EDGE('',*,*,#1262,.F.);
#1262 = EDGE_CURVE('',#1263,#1254,#1265,.T.);
#1263 = VERTEX_POINT('',#1264);
#1264 = CARTESIAN_POINT('',(37.621374142748,-51.03052469823,10.65));
#1265 = CIRCLE('',#1266,3.65);
#1266 = AXIS2_PLACEMENT_3D('',#1267,#1268,#1269);
#1267 = CARTESIAN_POINT('',(37.621374142748,-48.88110617221,7.7));
#1268 = DIRECTION('',(1.,0.,0.));
#1269 = DIRECTION('',(-0.,0.,1.));
#1270 = ORIENTED_EDGE('',*,*,#1271,.T.);
#1271 = EDGE_CURVE('',#1263,#1179,#1272,.T.);
#1272 = LINE('',#1273,#1274);
#1273 = CARTESIAN_POINT('',(37.621374142748,-58.23270891541,10.65));
#1274 = VECTOR('',#1275,1.);
#1275 = DIRECTION('',(0.,-1.,0.));
#1276 = ORIENTED_EDGE('',*,*,#1176,.F.);
#1277 = ORIENTED_EDGE('',*,*,#1278,.T.);
#1278 = EDGE_CURVE('',#1177,#1279,#1281,.T.);
#1279 = VERTEX_POINT('',#1280);
#1280 = CARTESIAN_POINT('',(37.621374142748,-2.089700279401,2.));
#1281 = LINE('',#1282,#1283);
#1282 = CARTESIAN_POINT('',(37.621374142748,-59.46541783083,2.));
#1283 = VECTOR('',#1284,1.);
#1284 = DIRECTION('',(-0.,1.,0.));
#1285 = ORIENTED_EDGE('',*,*,#1286,.T.);
#1286 = EDGE_CURVE('',#1279,#1287,#1289,.T.);
#1287 = VERTEX_POINT('',#1288);
#1288 = CARTESIAN_POINT('',(37.621374142748,-2.089700279401,10.65));
#1289 = LINE('',#1290,#1291);
#1290 = CARTESIAN_POINT('',(37.621374142748,-2.089700279401,2.));
#1291 = VECTOR('',#1292,1.);
#1292 = DIRECTION('',(0.,0.,1.));
#1293 = ORIENTED_EDGE('',*,*,#1294,.T.);
#1294 = EDGE_CURVE('',#1287,#1295,#1297,.T.);
#1295 = VERTEX_POINT('',#1296);
#1296 = CARTESIAN_POINT('',(37.621374142748,-8.,10.65));
#1297 = LINE('',#1298,#1299);
#1298 = CARTESIAN_POINT('',(37.621374142748,-33.73270891541,10.65));
#1299 = VECTOR('',#1300,1.);
#1300 = DIRECTION('',(0.,-1.,0.));
#1301 = ORIENTED_EDGE('',*,*,#1302,.T.);
#1302 = EDGE_CURVE('',#1295,#1303,#1305,.T.);
#1303 = VERTEX_POINT('',#1304);
#1304 = CARTESIAN_POINT('',(37.621374142748,-8.,11.5));
#1305 = LINE('',#1306,#1307);
#1306 = CARTESIAN_POINT('',(37.621374142748,-8.,6.325));
#1307 = VECTOR('',#1308,1.);
#1308 = DIRECTION('',(0.,0.,1.));
#1309 = ORIENTED_EDGE('',*,*,#1310,.F.);
#1310 = EDGE_CURVE('',#1311,#1303,#1313,.T.);
#1311 = VERTEX_POINT('',#1312);
#1312 = CARTESIAN_POINT('',(37.621374142748,-2.089700279401,11.5));
#1313 = LINE('',#1314,#1315);
#1314 = CARTESIAN_POINT('',(37.621374142748,-33.73270891541,11.5));
#1315 = VECTOR('',#1316,1.);
#1316 = DIRECTION('',(0.,-1.,0.));
#1317 = ORIENTED_EDGE('',*,*,#1318,.T.);
#1318 = EDGE_CURVE('',#1311,#159,#1319,.T.);
#1319 = LINE('',#1320,#1321);
#1320 = CARTESIAN_POINT('',(37.621374142748,-2.089700279401,2.));
#1321 = VECTOR('',#1322,1.);
#1322 = DIRECTION('',(0.,0.,1.));
#1323 = FACE_BOUND('',#1324,.F.);
#1324 = EDGE_LOOP('',(#1325,#1336,#1344,#1353,#1361,#1370,#1378,#1387));
#1325 = ORIENTED_EDGE('',*,*,#1326,.F.);
#1326 = EDGE_CURVE('',#1327,#1329,#1331,.T.);
#1327 = VERTEX_POINT('',#1328);
#1328 = CARTESIAN_POINT('',(37.621374142748,-19.6736555518,
    4.367081233543));
#1329 = VERTEX_POINT('',#1330);
#1330 = CARTESIAN_POINT('',(37.621374142748,-18.7736555518,
    5.267081233543));
#1331 = CIRCLE('',#1332,0.9);
#1332 = AXIS2_PLACEMENT_3D('',#1333,#1334,#1335);
#1333 = CARTESIAN_POINT('',(37.621374142748,-19.6736555518,
    5.267081233543));
#1334 = DIRECTION('',(1.,0.,0.));
#1335 = DIRECTION('',(-0.,0.,1.));
#1336 = ORIENTED_EDGE('',*,*,#1337,.T.);
#1337 = EDGE_CURVE('',#1327,#1338,#1340,.T.);
#1338 = VERTEX_POINT('',#1339);
#1339 = CARTESIAN_POINT('',(37.621374142748,-28.07843995238,
    4.367081233543));
#1340 = LINE('',#1341,#1342);
#1341 = CARTESIAN_POINT('',(37.621374142748,-43.7719288916,
    4.367081233543));
#1342 = VECTOR('',#1343,1.);
#1343 = DIRECTION('',(0.,-1.,0.));
#1344 = ORIENTED_EDGE('',*,*,#1345,.F.);
#1345 = EDGE_CURVE('',#1346,#1338,#1348,.T.);
#1346 = VERTEX_POINT('',#1347);
#1347 = CARTESIAN_POINT('',(37.621374142748,-28.97843995238,
    5.267081233543));
#1348 = CIRCLE('',#1349,0.9);
#1349 = AXIS2_PLACEMENT_3D('',#1350,#1351,#1352);
#1350 = CARTESIAN_POINT('',(37.621374142748,-28.07843995238,
    5.267081233543));
#1351 = DIRECTION('',(1.,0.,0.));
#1352 = DIRECTION('',(-0.,0.,1.));
#1353 = ORIENTED_EDGE('',*,*,#1354,.T.);
#1354 = EDGE_CURVE('',#1346,#1355,#1357,.T.);
#1355 = VERTEX_POINT('',#1356);
#1356 = CARTESIAN_POINT('',(37.621374142748,-28.97843995238,
    8.582430313948));
#1357 = LINE('',#1358,#1359);
#1358 = CARTESIAN_POINT('',(37.621374142748,-28.97843995238,
    3.633540616772));
#1359 = VECTOR('',#1360,1.);
#1360 = DIRECTION('',(0.,0.,1.));
#1361 = ORIENTED_EDGE('',*,*,#1362,.F.);
#1362 = EDGE_CURVE('',#1363,#1355,#1365,.T.);
#1363 = VERTEX_POINT('',#1364);
#1364 = CARTESIAN_POINT('',(37.621374142748,-28.07843995238,
    9.482430313948));
#1365 = CIRCLE('',#1366,0.9);
#1366 = AXIS2_PLACEMENT_3D('',#1367,#1368,#1369);
#1367 = CARTESIAN_POINT('',(37.621374142748,-28.07843995238,
    8.582430313948));
#1368 = DIRECTION('',(1.,0.,0.));
#1369 = DIRECTION('',(-0.,0.,1.));
#1370 = ORIENTED_EDGE('',*,*,#1371,.F.);
#1371 = EDGE_CURVE('',#1372,#1363,#1374,.T.);
#1372 = VERTEX_POINT('',#1373);
#1373 = CARTESIAN_POINT('',(37.621374142748,-19.6736555518,
    9.482430313948));
#1374 = LINE('',#1375,#1376);
#1375 = CARTESIAN_POINT('',(37.621374142748,-43.7719288916,
    9.482430313948));
#1376 = VECTOR('',#1377,1.);
#1377 = DIRECTION('',(0.,-1.,0.));
#1378 = ORIENTED_EDGE('',*,*,#1379,.F.);
#1379 = EDGE_CURVE('',#1380,#1372,#1382,.T.);
#1380 = VERTEX_POINT('',#1381);
#1381 = CARTESIAN_POINT('',(37.621374142748,-18.7736555518,
    8.582430313948));
#1382 = CIRCLE('',#1383,0.9);
#1383 = AXIS2_PLACEMENT_3D('',#1384,#1385,#1386);
#1384 = CARTESIAN_POINT('',(37.621374142748,-19.6736555518,
    8.582430313948));
#1385 = DIRECTION('',(1.,0.,0.));
#1386 = DIRECTION('',(-0.,0.,1.));
#1387 = ORIENTED_EDGE('',*,*,#1388,.F.);
#1388 = EDGE_CURVE('',#1329,#1380,#1389,.T.);
#1389 = LINE('',#1390,#1391);
#1390 = CARTESIAN_POINT('',(37.621374142748,-18.7736555518,
    3.633540616772));
#1391 = VECTOR('',#1392,1.);
#1392 = DIRECTION('',(0.,0.,1.));
#1393 = FACE_BOUND('',#1394,.F.);
#1394 = EDGE_LOOP('',(#1395,#1406,#1414,#1423,#1431,#1440,#1448,#1457));
#1395 = ORIENTED_EDGE('',*,*,#1396,.F.);
#1396 = EDGE_CURVE('',#1397,#1399,#1401,.T.);
#1397 = VERTEX_POINT('',#1398);
#1398 = CARTESIAN_POINT('',(37.621374142748,-30.85706277013,7.35));
#1399 = VERTEX_POINT('',#1400);
#1400 = CARTESIAN_POINT('',(37.621374142748,-30.05706277013,8.15));
#1401 = CIRCLE('',#1402,0.8);
#1402 = AXIS2_PLACEMENT_3D('',#1403,#1404,#1405);
#1403 = CARTESIAN_POINT('',(37.621374142748,-30.85706277013,8.15));
#1404 = DIRECTION('',(1.,0.,0.));
#1405 = DIRECTION('',(-0.,0.,1.));
#1406 = ORIENTED_EDGE('',*,*,#1407,.T.);
#1407 = EDGE_CURVE('',#1397,#1408,#1410,.T.);
#1408 = VERTEX_POINT('',#1409);
#1409 = CARTESIAN_POINT('',(37.621374142748,-43.05708505815,7.35));
#1410 = LINE('',#1411,#1412);
#1411 = CARTESIAN_POINT('',(37.621374142748,-51.26125144449,7.35));
#1412 = VECTOR('',#1413,1.);
#1413 = DIRECTION('',(0.,-1.,0.));
#1414 = ORIENTED_EDGE('',*,*,#1415,.F.);
#1415 = EDGE_CURVE('',#1416,#1408,#1418,.T.);
#1416 = VERTEX_POINT('',#1417);
#1417 = CARTESIAN_POINT('',(37.621374142748,-43.85708505815,8.15));
#1418 = CIRCLE('',#1419,0.8);
#1419 = AXIS2_PLACEMENT_3D('',#1420,#1421,#1422);
#1420 = CARTESIAN_POINT('',(37.621374142748,-43.05708505815,8.15));
#1421 = DIRECTION('',(1.,0.,0.));
#1422 = DIRECTION('',(-0.,0.,1.));
#1423 = ORIENTED_EDGE('',*,*,#1424,.T.);
#1424 = EDGE_CURVE('',#1416,#1425,#1427,.T.);
#1425 = VERTEX_POINT('',#1426);
#1426 = CARTESIAN_POINT('',(37.621374142748,-43.85708505815,10.8));
#1427 = LINE('',#1428,#1429);
#1428 = CARTESIAN_POINT('',(37.621374142748,-43.85708505815,5.075));
#1429 = VECTOR('',#1430,1.);
#1430 = DIRECTION('',(0.,0.,1.));
#1431 = ORIENTED_EDGE('',*,*,#1432,.F.);
#1432 = EDGE_CURVE('',#1433,#1425,#1435,.T.);
#1433 = VERTEX_POINT('',#1434);
#1434 = CARTESIAN_POINT('',(37.621374142748,-43.05708505815,11.6));
#1435 = CIRCLE('',#1436,0.8);
#1436 = AXIS2_PLACEMENT_3D('',#1437,#1438,#1439);
#1437 = CARTESIAN_POINT('',(37.621374142748,-43.05708505815,10.8));
#1438 = DIRECTION('',(1.,0.,0.));
#1439 = DIRECTION('',(-0.,0.,1.));
#1440 = ORIENTED_EDGE('',*,*,#1441,.F.);
#1441 = EDGE_CURVE('',#1442,#1433,#1444,.T.);
#1442 = VERTEX_POINT('',#1443);
#1443 = CARTESIAN_POINT('',(37.621374142748,-30.85706277013,11.6));
#1444 = LINE('',#1445,#1446);
#1445 = CARTESIAN_POINT('',(37.621374142748,-51.26125144449,11.6));
#1446 = VECTOR('',#1447,1.);
#1447 = DIRECTION('',(0.,-1.,0.));
#1448 = ORIENTED_EDGE('',*,*,#1449,.F.);
#1449 = EDGE_CURVE('',#1450,#1442,#1452,.T.);
#1450 = VERTEX_POINT('',#1451);
#1451 = CARTESIAN_POINT('',(37.621374142748,-30.05706277013,10.8));
#1452 = CIRCLE('',#1453,0.8);
#1453 = AXIS2_PLACEMENT_3D('',#1454,#1455,#1456);
#1454 = CARTESIAN_POINT('',(37.621374142748,-30.85706277013,10.8));
#1455 = DIRECTION('',(1.,0.,0.));
#1456 = DIRECTION('',(-0.,0.,1.));
#1457 = ORIENTED_EDGE('',*,*,#1458,.F.);
#1458 = EDGE_CURVE('',#1399,#1450,#1459,.T.);
#1459 = LINE('',#1460,#1461);
#1460 = CARTESIAN_POINT('',(37.621374142748,-30.05706277013,5.075));
#1461 = VECTOR('',#1462,1.);
#1462 = DIRECTION('',(0.,0.,1.));
#1463 = PLANE('',#1464);
#1464 = AXIS2_PLACEMENT_3D('',#1465,#1466,#1467);
#1465 = CARTESIAN_POINT('',(37.621374142748,-59.46541783083,2.));
#1466 = DIRECTION('',(1.,0.,-0.));
#1467 = DIRECTION('',(0.,0.,1.));
#1468 = ADVANCED_FACE('',(#1469),#1513,.F.);
#1469 = FACE_BOUND('',#1470,.F.);
#1470 = EDGE_LOOP('',(#1471,#1472,#1481,#1487,#1488,#1489,#1498,#1506));
#1471 = ORIENTED_EDGE('',*,*,#1286,.F.);
#1472 = ORIENTED_EDGE('',*,*,#1473,.T.);
#1473 = EDGE_CURVE('',#1279,#1474,#1476,.T.);
#1474 = VERTEX_POINT('',#1475);
#1475 = CARTESIAN_POINT('',(35.121374142748,0.410299720599,2.));
#1476 = CIRCLE('',#1477,2.5);
#1477 = AXIS2_PLACEMENT_3D('',#1478,#1479,#1480);
#1478 = CARTESIAN_POINT('',(35.121374142748,-2.089700279401,2.));
#1479 = DIRECTION('',(0.,0.,1.));
#1480 = DIRECTION('',(0.,-1.,0.));
#1481 = ORIENTED_EDGE('',*,*,#1482,.T.);
#1482 = EDGE_CURVE('',#1474,#151,#1483,.T.);
#1483 = LINE('',#1484,#1485);
#1484 = CARTESIAN_POINT('',(35.121374142748,0.410299720599,2.));
#1485 = VECTOR('',#1486,1.);
#1486 = DIRECTION('',(0.,0.,1.));
#1487 = ORIENTED_EDGE('',*,*,#158,.F.);
#1488 = ORIENTED_EDGE('',*,*,#1318,.F.);
#1489 = ORIENTED_EDGE('',*,*,#1490,.T.);
#1490 = EDGE_CURVE('',#1311,#1491,#1493,.T.);
#1491 = VERTEX_POINT('',#1492);
#1492 = CARTESIAN_POINT('',(37.619764396466,-2.,11.5));
#1493 = CIRCLE('',#1494,2.5);
#1494 = AXIS2_PLACEMENT_3D('',#1495,#1496,#1497);
#1495 = CARTESIAN_POINT('',(35.121374142748,-2.089700279401,11.5));
#1496 = DIRECTION('',(0.,0.,1.));
#1497 = DIRECTION('',(1.,0.,-0.));
#1498 = ORIENTED_EDGE('',*,*,#1499,.F.);
#1499 = EDGE_CURVE('',#1500,#1491,#1502,.T.);
#1500 = VERTEX_POINT('',#1501);
#1501 = CARTESIAN_POINT('',(37.619764396466,-2.,10.65));
#1502 = LINE('',#1503,#1504);
#1503 = CARTESIAN_POINT('',(37.619764396466,-2.,2.));
#1504 = VECTOR('',#1505,1.);
#1505 = DIRECTION('',(0.,0.,1.));
#1506 = ORIENTED_EDGE('',*,*,#1507,.F.);
#1507 = EDGE_CURVE('',#1287,#1500,#1508,.T.);
#1508 = CIRCLE('',#1509,2.5);
#1509 = AXIS2_PLACEMENT_3D('',#1510,#1511,#1512);
#1510 = CARTESIAN_POINT('',(35.121374142748,-2.089700279401,10.65));
#1511 = DIRECTION('',(0.,0.,1.));
#1512 = DIRECTION('',(1.,0.,-0.));
#1513 = CYLINDRICAL_SURFACE('',#1514,2.5);
#1514 = AXIS2_PLACEMENT_3D('',#1515,#1516,#1517);
#1515 = CARTESIAN_POINT('',(35.121374142748,-2.089700279401,2.));
#1516 = DIRECTION('',(0.,0.,1.));
#1517 = DIRECTION('',(1.,0.,-0.));
#1518 = ADVANCED_FACE('',(#1519),#1537,.F.);
#1519 = FACE_BOUND('',#1520,.F.);
#1520 = EDGE_LOOP('',(#1521,#1529,#1535,#1536));
#1521 = ORIENTED_EDGE('',*,*,#1522,.F.);
#1522 = EDGE_CURVE('',#1523,#1474,#1525,.T.);
#1523 = VERTEX_POINT('',#1524);
#1524 = CARTESIAN_POINT('',(2.089700279401,0.410299720599,2.));
#1525 = LINE('',#1526,#1527);
#1526 = CARTESIAN_POINT('',(-0.410299720599,0.410299720599,2.));
#1527 = VECTOR('',#1528,1.);
#1528 = DIRECTION('',(1.,0.,-0.));
#1529 = ORIENTED_EDGE('',*,*,#1530,.T.);
#1530 = EDGE_CURVE('',#1523,#142,#1531,.T.);
#1531 = LINE('',#1532,#1533);
#1532 = CARTESIAN_POINT('',(2.089700279401,0.410299720599,2.));
#1533 = VECTOR('',#1534,1.);
#1534 = DIRECTION('',(0.,0.,1.));
#1535 = ORIENTED_EDGE('',*,*,#150,.F.);
#1536 = ORIENTED_EDGE('',*,*,#1482,.F.);
#1537 = PLANE('',#1538);
#1538 = AXIS2_PLACEMENT_3D('',#1539,#1540,#1541);
#1539 = CARTESIAN_POINT('',(-0.410299720599,0.410299720599,2.));
#1540 = DIRECTION('',(-0.,1.,0.));
#1541 = DIRECTION('',(0.,0.,1.));
#1542 = ADVANCED_FACE('',(#1543),#1596,.F.);
#1543 = FACE_BOUND('',#1544,.T.);
#1544 = EDGE_LOOP('',(#1545,#1555,#1562,#1563,#1564,#1572,#1581,#1589));
#1545 = ORIENTED_EDGE('',*,*,#1546,.F.);
#1546 = EDGE_CURVE('',#1547,#1549,#1551,.T.);
#1547 = VERTEX_POINT('',#1548);
#1548 = CARTESIAN_POINT('',(-0.410299720599,-2.089700279401,2.));
#1549 = VERTEX_POINT('',#1550);
#1550 = CARTESIAN_POINT('',(-0.410299720599,-2.089700279401,10.65));
#1551 = LINE('',#1552,#1553);
#1552 = CARTESIAN_POINT('',(-0.410299720599,-2.089700279401,2.));
#1553 = VECTOR('',#1554,1.);
#1554 = DIRECTION('',(0.,0.,1.));
#1555 = ORIENTED_EDGE('',*,*,#1556,.T.);
#1556 = EDGE_CURVE('',#1547,#1523,#1557,.T.);
#1557 = CIRCLE('',#1558,2.5);
#1558 = AXIS2_PLACEMENT_3D('',#1559,#1560,#1561);
#1559 = CARTESIAN_POINT('',(2.089700279401,-2.089700279401,2.));
#1560 = DIRECTION('',(-0.,-0.,-1.));
#1561 = DIRECTION('',(0.,-1.,0.));
#1562 = ORIENTED_EDGE('',*,*,#1530,.T.);
#1563 = ORIENTED_EDGE('',*,*,#141,.T.);
#1564 = ORIENTED_EDGE('',*,*,#1565,.F.);
#1565 = EDGE_CURVE('',#1566,#134,#1568,.T.);
#1566 = VERTEX_POINT('',#1567);
#1567 = CARTESIAN_POINT('',(-0.410299720599,-2.089700279401,11.5));
#1568 = LINE('',#1569,#1570);
#1569 = CARTESIAN_POINT('',(-0.410299720599,-2.089700279401,2.));
#1570 = VECTOR('',#1571,1.);
#1571 = DIRECTION('',(0.,0.,1.));
#1572 = ORIENTED_EDGE('',*,*,#1573,.F.);
#1573 = EDGE_CURVE('',#1574,#1566,#1576,.T.);
#1574 = VERTEX_POINT('',#1575);
#1575 = CARTESIAN_POINT('',(-0.408689974317,-2.,11.5));
#1576 = CIRCLE('',#1577,2.5);
#1577 = AXIS2_PLACEMENT_3D('',#1578,#1579,#1580);
#1578 = CARTESIAN_POINT('',(2.089700279401,-2.089700279401,11.5));
#1579 = DIRECTION('',(0.,0.,1.));
#1580 = DIRECTION('',(-1.,-0.,0.));
#1581 = ORIENTED_EDGE('',*,*,#1582,.F.);
#1582 = EDGE_CURVE('',#1583,#1574,#1585,.T.);
#1583 = VERTEX_POINT('',#1584);
#1584 = CARTESIAN_POINT('',(-0.408689974317,-2.,10.65));
#1585 = LINE('',#1586,#1587);
#1586 = CARTESIAN_POINT('',(-0.408689974317,-2.,2.));
#1587 = VECTOR('',#1588,1.);
#1588 = DIRECTION('',(0.,0.,1.));
#1589 = ORIENTED_EDGE('',*,*,#1590,.T.);
#1590 = EDGE_CURVE('',#1583,#1549,#1591,.T.);
#1591 = CIRCLE('',#1592,2.5);
#1592 = AXIS2_PLACEMENT_3D('',#1593,#1594,#1595);
#1593 = CARTESIAN_POINT('',(2.089700279401,-2.089700279401,10.65));
#1594 = DIRECTION('',(0.,0.,1.));
#1595 = DIRECTION('',(-1.,-0.,0.));
#1596 = CYLINDRICAL_SURFACE('',#1597,2.5);
#1597 = AXIS2_PLACEMENT_3D('',#1598,#1599,#1600);
#1598 = CARTESIAN_POINT('',(2.089700279401,-2.089700279401,2.));
#1599 = DIRECTION('',(0.,0.,1.));
#1600 = DIRECTION('',(-1.,-0.,0.));
#1601 = ADVANCED_FACE('',(#1602),#1659,.T.);
#1602 = FACE_BOUND('',#1603,.T.);
#1603 = EDGE_LOOP('',(#1604,#1605,#1606,#1614,#1622,#1628,#1629,#1635,
    #1636,#1644,#1652,#1658));
#1604 = ORIENTED_EDGE('',*,*,#133,.F.);
#1605 = ORIENTED_EDGE('',*,*,#1112,.F.);
#1606 = ORIENTED_EDGE('',*,*,#1607,.F.);
#1607 = EDGE_CURVE('',#1608,#1113,#1610,.T.);
#1608 = VERTEX_POINT('',#1609);
#1609 = CARTESIAN_POINT('',(-0.410299720599,-51.,11.5));
#1610 = LINE('',#1611,#1612);
#1611 = CARTESIAN_POINT('',(-0.410299720599,-58.23270891541,11.5));
#1612 = VECTOR('',#1613,1.);
#1613 = DIRECTION('',(0.,-1.,0.));
#1614 = ORIENTED_EDGE('',*,*,#1615,.F.);
#1615 = EDGE_CURVE('',#1616,#1608,#1618,.T.);
#1616 = VERTEX_POINT('',#1617);
#1617 = CARTESIAN_POINT('',(-0.410299720599,-51.,10.65));
#1618 = LINE('',#1619,#1620);
#1619 = CARTESIAN_POINT('',(-0.410299720599,-51.,6.325));
#1620 = VECTOR('',#1621,1.);
#1621 = DIRECTION('',(0.,0.,1.));
#1622 = ORIENTED_EDGE('',*,*,#1623,.T.);
#1623 = EDGE_CURVE('',#1616,#1089,#1624,.T.);
#1624 = LINE('',#1625,#1626);
#1625 = CARTESIAN_POINT('',(-0.410299720599,-58.23270891541,10.65));
#1626 = VECTOR('',#1627,1.);
#1627 = DIRECTION('',(0.,-1.,0.));
#1628 = ORIENTED_EDGE('',*,*,#1086,.F.);
#1629 = ORIENTED_EDGE('',*,*,#1630,.T.);
#1630 = EDGE_CURVE('',#1087,#1547,#1631,.T.);
#1631 = LINE('',#1632,#1633);
#1632 = CARTESIAN_POINT('',(-0.410299720599,-59.46541783083,2.));
#1633 = VECTOR('',#1634,1.);
#1634 = DIRECTION('',(-0.,1.,0.));
#1635 = ORIENTED_EDGE('',*,*,#1546,.T.);
#1636 = ORIENTED_EDGE('',*,*,#1637,.T.);
#1637 = EDGE_CURVE('',#1549,#1638,#1640,.T.);
#1638 = VERTEX_POINT('',#1639);
#1639 = CARTESIAN_POINT('',(-0.410299720599,-8.,10.65));
#1640 = LINE('',#1641,#1642);
#1641 = CARTESIAN_POINT('',(-0.410299720599,-33.73270891541,10.65));
#1642 = VECTOR('',#1643,1.);
#1643 = DIRECTION('',(0.,-1.,0.));
#1644 = ORIENTED_EDGE('',*,*,#1645,.T.);
#1645 = EDGE_CURVE('',#1638,#1646,#1648,.T.);
#1646 = VERTEX_POINT('',#1647);
#1647 = CARTESIAN_POINT('',(-0.410299720599,-8.,11.5));
#1648 = LINE('',#1649,#1650);
#1649 = CARTESIAN_POINT('',(-0.410299720599,-8.,6.325));
#1650 = VECTOR('',#1651,1.);
#1651 = DIRECTION('',(0.,0.,1.));
#1652 = ORIENTED_EDGE('',*,*,#1653,.F.);
#1653 = EDGE_CURVE('',#1566,#1646,#1654,.T.);
#1654 = LINE('',#1655,#1656);
#1655 = CARTESIAN_POINT('',(-0.410299720599,-33.73270891541,11.5));
#1656 = VECTOR('',#1657,1.);
#1657 = DIRECTION('',(0.,-1.,0.));
#1658 = ORIENTED_EDGE('',*,*,#1565,.T.);
#1659 = PLANE('',#1660);
#1660 = AXIS2_PLACEMENT_3D('',#1661,#1662,#1663);
#1661 = CARTESIAN_POINT('',(-0.410299720599,-59.46541783083,2.));
#1662 = DIRECTION('',(1.,0.,-0.));
#1663 = DIRECTION('',(0.,0.,1.));
#1664 = ADVANCED_FACE('',(#1665),#1681,.F.);
#1665 = FACE_BOUND('',#1666,.F.);
#1666 = EDGE_LOOP('',(#1667,#1668,#1674,#1675));
#1667 = ORIENTED_EDGE('',*,*,#373,.F.);
#1668 = ORIENTED_EDGE('',*,*,#1669,.F.);
#1669 = EDGE_CURVE('',#1327,#374,#1670,.T.);
#1670 = LINE('',#1671,#1672);
#1671 = CARTESIAN_POINT('',(37.221374142748,-19.6736555518,
    4.367081233543));
#1672 = VECTOR('',#1673,1.);
#1673 = DIRECTION('',(1.,0.,-0.));
#1674 = ORIENTED_EDGE('',*,*,#1326,.T.);
#1675 = ORIENTED_EDGE('',*,*,#1676,.T.);
#1676 = EDGE_CURVE('',#1329,#376,#1677,.T.);
#1677 = LINE('',#1678,#1679);
#1678 = CARTESIAN_POINT('',(37.221374142748,-18.7736555518,
    5.267081233543));
#1679 = VECTOR('',#1680,1.);
#1680 = DIRECTION('',(1.,0.,-0.));
#1681 = CYLINDRICAL_SURFACE('',#1682,0.9);
#1682 = AXIS2_PLACEMENT_3D('',#1683,#1684,#1685);
#1683 = CARTESIAN_POINT('',(37.221374142748,-19.6736555518,
    5.267081233543));
#1684 = DIRECTION('',(1.,0.,0.));
#1685 = DIRECTION('',(-0.,0.,1.));
#1686 = ADVANCED_FACE('',(#1687),#1698,.T.);
#1687 = FACE_BOUND('',#1688,.T.);
#1688 = EDGE_LOOP('',(#1689,#1690,#1696,#1697));
#1689 = ORIENTED_EDGE('',*,*,#1337,.T.);
#1690 = ORIENTED_EDGE('',*,*,#1691,.T.);
#1691 = EDGE_CURVE('',#1338,#385,#1692,.T.);
#1692 = LINE('',#1693,#1694);
#1693 = CARTESIAN_POINT('',(37.221374142748,-28.07843995238,
    4.367081233543));
#1694 = VECTOR('',#1695,1.);
#1695 = DIRECTION('',(1.,0.,-0.));
#1696 = ORIENTED_EDGE('',*,*,#384,.F.);
#1697 = ORIENTED_EDGE('',*,*,#1669,.F.);
#1698 = PLANE('',#1699);
#1699 = AXIS2_PLACEMENT_3D('',#1700,#1701,#1702);
#1700 = CARTESIAN_POINT('',(37.221374142748,-28.07843995238,
    4.367081233543));
#1701 = DIRECTION('',(0.,0.,1.));
#1702 = DIRECTION('',(1.,0.,-0.));
#1703 = ADVANCED_FACE('',(#1704),#1715,.F.);
#1704 = FACE_BOUND('',#1705,.F.);
#1705 = EDGE_LOOP('',(#1706,#1707,#1708,#1714));
#1706 = ORIENTED_EDGE('',*,*,#1676,.F.);
#1707 = ORIENTED_EDGE('',*,*,#1388,.T.);
#1708 = ORIENTED_EDGE('',*,*,#1709,.T.);
#1709 = EDGE_CURVE('',#1380,#427,#1710,.T.);
#1710 = LINE('',#1711,#1712);
#1711 = CARTESIAN_POINT('',(37.221374142748,-18.7736555518,
    8.582430313948));
#1712 = VECTOR('',#1713,1.);
#1713 = DIRECTION('',(1.,0.,-0.));
#1714 = ORIENTED_EDGE('',*,*,#435,.F.);
#1715 = PLANE('',#1716);
#1716 = AXIS2_PLACEMENT_3D('',#1717,#1718,#1719);
#1717 = CARTESIAN_POINT('',(37.221374142748,-18.7736555518,
    5.267081233543));
#1718 = DIRECTION('',(-0.,1.,0.));
#1719 = DIRECTION('',(0.,0.,1.));
#1720 = ADVANCED_FACE('',(#1721),#1732,.F.);
#1721 = FACE_BOUND('',#1722,.F.);
#1722 = EDGE_LOOP('',(#1723,#1724,#1730,#1731));
#1723 = ORIENTED_EDGE('',*,*,#392,.F.);
#1724 = ORIENTED_EDGE('',*,*,#1725,.F.);
#1725 = EDGE_CURVE('',#1346,#393,#1726,.T.);
#1726 = LINE('',#1727,#1728);
#1727 = CARTESIAN_POINT('',(37.221374142748,-28.97843995238,
    5.267081233543));
#1728 = VECTOR('',#1729,1.);
#1729 = DIRECTION('',(1.,0.,-0.));
#1730 = ORIENTED_EDGE('',*,*,#1345,.T.);
#1731 = ORIENTED_EDGE('',*,*,#1691,.T.);
#1732 = CYLINDRICAL_SURFACE('',#1733,0.9);
#1733 = AXIS2_PLACEMENT_3D('',#1734,#1735,#1736);
#1734 = CARTESIAN_POINT('',(37.221374142748,-28.07843995238,
    5.267081233543));
#1735 = DIRECTION('',(1.,0.,0.));
#1736 = DIRECTION('',(-0.,0.,1.));
#1737 = ADVANCED_FACE('',(#1738),#1749,.F.);
#1738 = FACE_BOUND('',#1739,.F.);
#1739 = EDGE_LOOP('',(#1740,#1741,#1742,#1743));
#1740 = ORIENTED_EDGE('',*,*,#426,.F.);
#1741 = ORIENTED_EDGE('',*,*,#1709,.F.);
#1742 = ORIENTED_EDGE('',*,*,#1379,.T.);
#1743 = ORIENTED_EDGE('',*,*,#1744,.T.);
#1744 = EDGE_CURVE('',#1372,#419,#1745,.T.);
#1745 = LINE('',#1746,#1747);
#1746 = CARTESIAN_POINT('',(37.221374142748,-19.6736555518,
    9.482430313948));
#1747 = VECTOR('',#1748,1.);
#1748 = DIRECTION('',(1.,0.,-0.));
#1749 = CYLINDRICAL_SURFACE('',#1750,0.9);
#1750 = AXIS2_PLACEMENT_3D('',#1751,#1752,#1753);
#1751 = CARTESIAN_POINT('',(37.221374142748,-19.6736555518,
    8.582430313948));
#1752 = DIRECTION('',(1.,0.,0.));
#1753 = DIRECTION('',(-0.,0.,1.));
#1754 = ADVANCED_FACE('',(#1755),#1766,.T.);
#1755 = FACE_BOUND('',#1756,.T.);
#1756 = EDGE_LOOP('',(#1757,#1758,#1759,#1765));
#1757 = ORIENTED_EDGE('',*,*,#1725,.F.);
#1758 = ORIENTED_EDGE('',*,*,#1354,.T.);
#1759 = ORIENTED_EDGE('',*,*,#1760,.T.);
#1760 = EDGE_CURVE('',#1355,#402,#1761,.T.);
#1761 = LINE('',#1762,#1763);
#1762 = CARTESIAN_POINT('',(37.221374142748,-28.97843995238,
    8.582430313948));
#1763 = VECTOR('',#1764,1.);
#1764 = DIRECTION('',(1.,0.,-0.));
#1765 = ORIENTED_EDGE('',*,*,#401,.F.);
#1766 = PLANE('',#1767);
#1767 = AXIS2_PLACEMENT_3D('',#1768,#1769,#1770);
#1768 = CARTESIAN_POINT('',(37.221374142748,-28.97843995238,
    5.267081233543));
#1769 = DIRECTION('',(-0.,1.,0.));
#1770 = DIRECTION('',(0.,0.,1.));
#1771 = ADVANCED_FACE('',(#1772),#1783,.F.);
#1772 = FACE_BOUND('',#1773,.F.);
#1773 = EDGE_LOOP('',(#1774,#1775,#1781,#1782));
#1774 = ORIENTED_EDGE('',*,*,#1371,.T.);
#1775 = ORIENTED_EDGE('',*,*,#1776,.T.);
#1776 = EDGE_CURVE('',#1363,#410,#1777,.T.);
#1777 = LINE('',#1778,#1779);
#1778 = CARTESIAN_POINT('',(37.221374142748,-28.07843995238,
    9.482430313948));
#1779 = VECTOR('',#1780,1.);
#1780 = DIRECTION('',(1.,0.,-0.));
#1781 = ORIENTED_EDGE('',*,*,#418,.F.);
#1782 = ORIENTED_EDGE('',*,*,#1744,.F.);
#1783 = PLANE('',#1784);
#1784 = AXIS2_PLACEMENT_3D('',#1785,#1786,#1787);
#1785 = CARTESIAN_POINT('',(37.221374142748,-28.07843995238,
    9.482430313948));
#1786 = DIRECTION('',(0.,0.,1.));
#1787 = DIRECTION('',(1.,0.,-0.));
#1788 = ADVANCED_FACE('',(#1789),#1795,.F.);
#1789 = FACE_BOUND('',#1790,.F.);
#1790 = EDGE_LOOP('',(#1791,#1792,#1793,#1794));
#1791 = ORIENTED_EDGE('',*,*,#409,.F.);
#1792 = ORIENTED_EDGE('',*,*,#1776,.F.);
#1793 = ORIENTED_EDGE('',*,*,#1362,.T.);
#1794 = ORIENTED_EDGE('',*,*,#1760,.T.);
#1795 = CYLINDRICAL_SURFACE('',#1796,0.9);
#1796 = AXIS2_PLACEMENT_3D('',#1797,#1798,#1799);
#1797 = CARTESIAN_POINT('',(37.221374142748,-28.07843995238,
    8.582430313948));
#1798 = DIRECTION('',(1.,0.,0.));
#1799 = DIRECTION('',(-0.,0.,1.));
#1800 = ADVANCED_FACE('',(#1801),#1826,.F.);
#1801 = FACE_BOUND('',#1802,.F.);
#1802 = EDGE_LOOP('',(#1803,#1813,#1819,#1820));
#1803 = ORIENTED_EDGE('',*,*,#1804,.F.);
#1804 = EDGE_CURVE('',#1805,#1807,#1809,.T.);
#1805 = VERTEX_POINT('',#1806);
#1806 = CARTESIAN_POINT('',(38.921374142748,-33.64952485891,4.925));
#1807 = VERTEX_POINT('',#1808);
#1808 = CARTESIAN_POINT('',(38.921374142748,-33.64952485891,6.375));
#1809 = LINE('',#1810,#1811);
#1810 = CARTESIAN_POINT('',(38.921374142748,-33.64952485891,4.925));
#1811 = VECTOR('',#1812,1.);
#1812 = DIRECTION('',(0.,-2.22044604925E-16,1.));
#1813 = ORIENTED_EDGE('',*,*,#1814,.T.);
#1814 = EDGE_CURVE('',#1805,#446,#1815,.T.);
#1815 = LINE('',#1816,#1817);
#1816 = CARTESIAN_POINT('',(38.921374142748,-33.64952485891,4.925));
#1817 = VECTOR('',#1818,1.);
#1818 = DIRECTION('',(1.,0.,0.));
#1819 = ORIENTED_EDGE('',*,*,#443,.F.);
#1820 = ORIENTED_EDGE('',*,*,#1821,.F.);
#1821 = EDGE_CURVE('',#1807,#444,#1822,.T.);
#1822 = LINE('',#1823,#1824);
#1823 = CARTESIAN_POINT('',(38.921374142748,-33.64952485891,6.375));
#1824 = VECTOR('',#1825,1.);
#1825 = DIRECTION('',(1.,0.,0.));
#1826 = PLANE('',#1827);
#1827 = AXIS2_PLACEMENT_3D('',#1828,#1829,#1830);
#1828 = CARTESIAN_POINT('',(38.921374142748,-33.64952485891,4.925));
#1829 = DIRECTION('',(0.,-1.,-2.22044604925E-16));
#1830 = DIRECTION('',(0.,-2.22044604925E-16,1.));
#1831 = ADVANCED_FACE('',(#1832),#1850,.F.);
#1832 = FACE_BOUND('',#1833,.F.);
#1833 = EDGE_LOOP('',(#1834,#1842,#1848,#1849));
#1834 = ORIENTED_EDGE('',*,*,#1835,.F.);
#1835 = EDGE_CURVE('',#1836,#1805,#1838,.T.);
#1836 = VERTEX_POINT('',#1837);
#1837 = CARTESIAN_POINT('',(38.921374142748,-33.4578687906,4.925));
#1838 = LINE('',#1839,#1840);
#1839 = CARTESIAN_POINT('',(38.921374142748,-33.4578687906,4.925));
#1840 = VECTOR('',#1841,1.);
#1841 = DIRECTION('',(2.22044604925E-16,-1.,0.));
#1842 = ORIENTED_EDGE('',*,*,#1843,.T.);
#1843 = EDGE_CURVE('',#1836,#510,#1844,.T.);
#1844 = LINE('',#1845,#1846);
#1845 = CARTESIAN_POINT('',(38.921374142748,-33.4578687906,4.925));
#1846 = VECTOR('',#1847,1.);
#1847 = DIRECTION('',(1.,0.,0.));
#1848 = ORIENTED_EDGE('',*,*,#517,.F.);
#1849 = ORIENTED_EDGE('',*,*,#1814,.F.);
#1850 = PLANE('',#1851);
#1851 = AXIS2_PLACEMENT_3D('',#1852,#1853,#1854);
#1852 = CARTESIAN_POINT('',(38.921374142748,-33.4578687906,4.925));
#1853 = DIRECTION('',(0.,0.,-1.));
#1854 = DIRECTION('',(2.22044604925E-16,-1.,0.));
#1855 = ADVANCED_FACE('',(#1856),#1874,.F.);
#1856 = FACE_BOUND('',#1857,.F.);
#1857 = EDGE_LOOP('',(#1858,#1866,#1872,#1873));
#1858 = ORIENTED_EDGE('',*,*,#1859,.F.);
#1859 = EDGE_CURVE('',#1860,#1836,#1862,.T.);
#1860 = VERTEX_POINT('',#1861);
#1861 = CARTESIAN_POINT('',(38.921374142748,-33.4578687906,
    5.582558139535));
#1862 = LINE('',#1863,#1864);
#1863 = CARTESIAN_POINT('',(38.921374142748,-33.4578687906,
    5.582558139535));
#1864 = VECTOR('',#1865,1.);
#1865 = DIRECTION('',(0.,2.22044604925E-16,-1.));
#1866 = ORIENTED_EDGE('',*,*,#1867,.T.);
#1867 = EDGE_CURVE('',#1860,#502,#1868,.T.);
#1868 = LINE('',#1869,#1870);
#1869 = CARTESIAN_POINT('',(38.921374142748,-33.4578687906,
    5.582558139535));
#1870 = VECTOR('',#1871,1.);
#1871 = DIRECTION('',(1.,0.,0.));
#1872 = ORIENTED_EDGE('',*,*,#509,.F.);
#1873 = ORIENTED_EDGE('',*,*,#1843,.F.);
#1874 = PLANE('',#1875);
#1875 = AXIS2_PLACEMENT_3D('',#1876,#1877,#1878);
#1876 = CARTESIAN_POINT('',(38.921374142748,-33.4578687906,
    5.582558139535));
#1877 = DIRECTION('',(-0.,1.,2.22044604925E-16));
#1878 = DIRECTION('',(0.,2.22044604925E-16,-1.));
#1879 = ADVANCED_FACE('',(#1880),#1898,.F.);
#1880 = FACE_BOUND('',#1881,.F.);
#1881 = EDGE_LOOP('',(#1882,#1890,#1896,#1897));
#1882 = ORIENTED_EDGE('',*,*,#1883,.F.);
#1883 = EDGE_CURVE('',#1884,#1860,#1886,.T.);
#1884 = VERTEX_POINT('',#1885);
#1885 = CARTESIAN_POINT('',(38.921374142748,-32.7781812906,
    5.582558139535));
#1886 = LINE('',#1887,#1888);
#1887 = CARTESIAN_POINT('',(38.921374142748,-32.7781812906,
    5.582558139535));
#1888 = VECTOR('',#1889,1.);
#1889 = DIRECTION('',(2.22044604925E-16,-1.,0.));
#1890 = ORIENTED_EDGE('',*,*,#1891,.T.);
#1891 = EDGE_CURVE('',#1884,#494,#1892,.T.);
#1892 = LINE('',#1893,#1894);
#1893 = CARTESIAN_POINT('',(38.921374142748,-32.7781812906,
    5.582558139535));
#1894 = VECTOR('',#1895,1.);
#1895 = DIRECTION('',(1.,0.,0.));
#1896 = ORIENTED_EDGE('',*,*,#501,.F.);
#1897 = ORIENTED_EDGE('',*,*,#1867,.F.);
#1898 = PLANE('',#1899);
#1899 = AXIS2_PLACEMENT_3D('',#1900,#1901,#1902);
#1900 = CARTESIAN_POINT('',(38.921374142748,-32.7781812906,
    5.582558139535));
#1901 = DIRECTION('',(0.,0.,-1.));
#1902 = DIRECTION('',(2.22044604925E-16,-1.,0.));
#1903 = ADVANCED_FACE('',(#1904),#1922,.F.);
#1904 = FACE_BOUND('',#1905,.F.);
#1905 = EDGE_LOOP('',(#1906,#1914,#1920,#1921));
#1906 = ORIENTED_EDGE('',*,*,#1907,.F.);
#1907 = EDGE_CURVE('',#1908,#1884,#1910,.T.);
#1908 = VERTEX_POINT('',#1909);
#1909 = CARTESIAN_POINT('',(38.921374142748,-32.7781812906,
    5.755377906977));
#1910 = LINE('',#1911,#1912);
#1911 = CARTESIAN_POINT('',(38.921374142748,-32.7781812906,
    5.755377906977));
#1912 = VECTOR('',#1913,1.);
#1913 = DIRECTION('',(0.,2.22044604925E-16,-1.));
#1914 = ORIENTED_EDGE('',*,*,#1915,.T.);
#1915 = EDGE_CURVE('',#1908,#486,#1916,.T.);
#1916 = LINE('',#1917,#1918);
#1917 = CARTESIAN_POINT('',(38.921374142748,-32.7781812906,
    5.755377906977));
#1918 = VECTOR('',#1919,1.);
#1919 = DIRECTION('',(1.,0.,0.));
#1920 = ORIENTED_EDGE('',*,*,#493,.F.);
#1921 = ORIENTED_EDGE('',*,*,#1891,.F.);
#1922 = PLANE('',#1923);
#1923 = AXIS2_PLACEMENT_3D('',#1924,#1925,#1926);
#1924 = CARTESIAN_POINT('',(38.921374142748,-32.7781812906,
    5.755377906977));
#1925 = DIRECTION('',(-0.,1.,2.22044604925E-16));
#1926 = DIRECTION('',(0.,2.22044604925E-16,-1.));
#1927 = ADVANCED_FACE('',(#1928),#1946,.F.);
#1928 = FACE_BOUND('',#1929,.F.);
#1929 = EDGE_LOOP('',(#1930,#1938,#1944,#1945));
#1930 = ORIENTED_EDGE('',*,*,#1931,.F.);
#1931 = EDGE_CURVE('',#1932,#1908,#1934,.T.);
#1932 = VERTEX_POINT('',#1933);
#1933 = CARTESIAN_POINT('',(38.921374142748,-33.4578687906,
    5.755377906977));
#1934 = LINE('',#1935,#1936);
#1935 = CARTESIAN_POINT('',(38.921374142748,-33.4578687906,
    5.755377906977));
#1936 = VECTOR('',#1937,1.);
#1937 = DIRECTION('',(-2.22044604925E-16,1.,0.));
#1938 = ORIENTED_EDGE('',*,*,#1939,.T.);
#1939 = EDGE_CURVE('',#1932,#478,#1940,.T.);
#1940 = LINE('',#1941,#1942);
#1941 = CARTESIAN_POINT('',(38.921374142748,-33.4578687906,
    5.755377906977));
#1942 = VECTOR('',#1943,1.);
#1943 = DIRECTION('',(1.,0.,0.));
#1944 = ORIENTED_EDGE('',*,*,#485,.F.);
#1945 = ORIENTED_EDGE('',*,*,#1915,.F.);
#1946 = PLANE('',#1947);
#1947 = AXIS2_PLACEMENT_3D('',#1948,#1949,#1950);
#1948 = CARTESIAN_POINT('',(38.921374142748,-33.4578687906,
    5.755377906977));
#1949 = DIRECTION('',(0.,-0.,1.));
#1950 = DIRECTION('',(-2.22044604925E-16,1.,0.));
#1951 = ADVANCED_FACE('',(#1952),#1970,.F.);
#1952 = FACE_BOUND('',#1953,.F.);
#1953 = EDGE_LOOP('',(#1954,#1962,#1968,#1969));
#1954 = ORIENTED_EDGE('',*,*,#1955,.F.);
#1955 = EDGE_CURVE('',#1956,#1932,#1958,.T.);
#1956 = VERTEX_POINT('',#1957);
#1957 = CARTESIAN_POINT('',(38.921374142748,-33.4578687906,
    6.202180232558));
#1958 = LINE('',#1959,#1960);
#1959 = CARTESIAN_POINT('',(38.921374142748,-33.4578687906,
    6.202180232558));
#1960 = VECTOR('',#1961,1.);
#1961 = DIRECTION('',(0.,2.22044604925E-16,-1.));
#1962 = ORIENTED_EDGE('',*,*,#1963,.T.);
#1963 = EDGE_CURVE('',#1956,#470,#1964,.T.);
#1964 = LINE('',#1965,#1966);
#1965 = CARTESIAN_POINT('',(38.921374142748,-33.4578687906,
    6.202180232558));
#1966 = VECTOR('',#1967,1.);
#1967 = DIRECTION('',(1.,0.,0.));
#1968 = ORIENTED_EDGE('',*,*,#477,.F.);
#1969 = ORIENTED_EDGE('',*,*,#1939,.F.);
#1970 = PLANE('',#1971);
#1971 = AXIS2_PLACEMENT_3D('',#1972,#1973,#1974);
#1972 = CARTESIAN_POINT('',(38.921374142748,-33.4578687906,
    6.202180232558));
#1973 = DIRECTION('',(-0.,1.,2.22044604925E-16));
#1974 = DIRECTION('',(0.,2.22044604925E-16,-1.));
#1975 = ADVANCED_FACE('',(#1976),#1994,.F.);
#1976 = FACE_BOUND('',#1977,.F.);
#1977 = EDGE_LOOP('',(#1978,#1986,#1992,#1993));
#1978 = ORIENTED_EDGE('',*,*,#1979,.F.);
#1979 = EDGE_CURVE('',#1980,#1956,#1982,.T.);
#1980 = VERTEX_POINT('',#1981);
#1981 = CARTESIAN_POINT('',(38.921374142748,-32.67247407766,
    6.202180232558));
#1982 = LINE('',#1983,#1984);
#1983 = CARTESIAN_POINT('',(38.921374142748,-32.67247407766,
    6.202180232558));
#1984 = VECTOR('',#1985,1.);
#1985 = DIRECTION('',(2.22044604925E-16,-1.,0.));
#1986 = ORIENTED_EDGE('',*,*,#1987,.T.);
#1987 = EDGE_CURVE('',#1980,#462,#1988,.T.);
#1988 = LINE('',#1989,#1990);
#1989 = CARTESIAN_POINT('',(38.921374142748,-32.67247407766,
    6.202180232558));
#1990 = VECTOR('',#1991,1.);
#1991 = DIRECTION('',(1.,0.,0.));
#1992 = ORIENTED_EDGE('',*,*,#469,.F.);
#1993 = ORIENTED_EDGE('',*,*,#1963,.F.);
#1994 = PLANE('',#1995);
#1995 = AXIS2_PLACEMENT_3D('',#1996,#1997,#1998);
#1996 = CARTESIAN_POINT('',(38.921374142748,-32.67247407766,
    6.202180232558));
#1997 = DIRECTION('',(0.,0.,-1.));
#1998 = DIRECTION('',(2.22044604925E-16,-1.,0.));
#1999 = ADVANCED_FACE('',(#2000),#2018,.F.);
#2000 = FACE_BOUND('',#2001,.F.);
#2001 = EDGE_LOOP('',(#2002,#2010,#2016,#2017));
#2002 = ORIENTED_EDGE('',*,*,#2003,.F.);
#2003 = EDGE_CURVE('',#2004,#1980,#2006,.T.);
#2004 = VERTEX_POINT('',#2005);
#2005 = CARTESIAN_POINT('',(38.921374142748,-32.67247407766,6.375));
#2006 = LINE('',#2007,#2008);
#2007 = CARTESIAN_POINT('',(38.921374142748,-32.67247407766,6.375));
#2008 = VECTOR('',#2009,1.);
#2009 = DIRECTION('',(0.,2.22044604925E-16,-1.));
#2010 = ORIENTED_EDGE('',*,*,#2011,.T.);
#2011 = EDGE_CURVE('',#2004,#454,#2012,.T.);
#2012 = LINE('',#2013,#2014);
#2013 = CARTESIAN_POINT('',(38.921374142748,-32.67247407766,6.375));
#2014 = VECTOR('',#2015,1.);
#2015 = DIRECTION('',(1.,0.,0.));
#2016 = ORIENTED_EDGE('',*,*,#461,.F.);
#2017 = ORIENTED_EDGE('',*,*,#1987,.F.);
#2018 = PLANE('',#2019);
#2019 = AXIS2_PLACEMENT_3D('',#2020,#2021,#2022);
#2020 = CARTESIAN_POINT('',(38.921374142748,-32.67247407766,6.375));
#2021 = DIRECTION('',(-0.,1.,2.22044604925E-16));
#2022 = DIRECTION('',(0.,2.22044604925E-16,-1.));
#2023 = ADVANCED_FACE('',(#2024),#2035,.F.);
#2024 = FACE_BOUND('',#2025,.F.);
#2025 = EDGE_LOOP('',(#2026,#2032,#2033,#2034));
#2026 = ORIENTED_EDGE('',*,*,#2027,.F.);
#2027 = EDGE_CURVE('',#1807,#2004,#2028,.T.);
#2028 = LINE('',#2029,#2030);
#2029 = CARTESIAN_POINT('',(38.921374142748,-33.64952485891,6.375));
#2030 = VECTOR('',#2031,1.);
#2031 = DIRECTION('',(-2.22044604925E-16,1.,0.));
#2032 = ORIENTED_EDGE('',*,*,#1821,.T.);
#2033 = ORIENTED_EDGE('',*,*,#453,.F.);
#2034 = ORIENTED_EDGE('',*,*,#2011,.F.);
#2035 = PLANE('',#2036);
#2036 = AXIS2_PLACEMENT_3D('',#2037,#2038,#2039);
#2037 = CARTESIAN_POINT('',(38.921374142748,-33.64952485891,6.375));
#2038 = DIRECTION('',(0.,-0.,1.));
#2039 = DIRECTION('',(-2.22044604925E-16,1.,0.));
#2040 = ADVANCED_FACE('',(#2041),#2066,.F.);
#2041 = FACE_BOUND('',#2042,.F.);
#2042 = EDGE_LOOP('',(#2043,#2053,#2059,#2060));
#2043 = ORIENTED_EDGE('',*,*,#2044,.F.);
#2044 = EDGE_CURVE('',#2045,#2047,#2049,.T.);
#2045 = VERTEX_POINT('',#2046);
#2046 = CARTESIAN_POINT('',(38.921374142748,-34.88455392868,4.925));
#2047 = VERTEX_POINT('',#2048);
#2048 = CARTESIAN_POINT('',(38.921374142748,-34.88455392868,6.375));
#2049 = LINE('',#2050,#2051);
#2050 = CARTESIAN_POINT('',(38.921374142748,-34.88455392868,4.925));
#2051 = VECTOR('',#2052,1.);
#2052 = DIRECTION('',(0.,-2.22044604925E-16,1.));
#2053 = ORIENTED_EDGE('',*,*,#2054,.T.);
#2054 = EDGE_CURVE('',#2045,#528,#2055,.T.);
#2055 = LINE('',#2056,#2057);
#2056 = CARTESIAN_POINT('',(38.921374142748,-34.88455392868,4.925));
#2057 = VECTOR('',#2058,1.);
#2058 = DIRECTION('',(1.,0.,0.));
#2059 = ORIENTED_EDGE('',*,*,#525,.F.);
#2060 = ORIENTED_EDGE('',*,*,#2061,.F.);
#2061 = EDGE_CURVE('',#2047,#526,#2062,.T.);
#2062 = LINE('',#2063,#2064);
#2063 = CARTESIAN_POINT('',(38.921374142748,-34.88455392868,6.375));
#2064 = VECTOR('',#2065,1.);
#2065 = DIRECTION('',(1.,0.,0.));
#2066 = PLANE('',#2067);
#2067 = AXIS2_PLACEMENT_3D('',#2068,#2069,#2070);
#2068 = CARTESIAN_POINT('',(38.921374142748,-34.88455392868,4.925));
#2069 = DIRECTION('',(0.,-1.,-2.22044604925E-16));
#2070 = DIRECTION('',(0.,-2.22044604925E-16,1.));
#2071 = ADVANCED_FACE('',(#2072),#2090,.F.);
#2072 = FACE_BOUND('',#2073,.F.);
#2073 = EDGE_LOOP('',(#2074,#2082,#2088,#2089));
#2074 = ORIENTED_EDGE('',*,*,#2075,.F.);
#2075 = EDGE_CURVE('',#2076,#2045,#2078,.T.);
#2076 = VERTEX_POINT('',#2077);
#2077 = CARTESIAN_POINT('',(38.921374142748,-34.69289786036,4.925));
#2078 = LINE('',#2079,#2080);
#2079 = CARTESIAN_POINT('',(38.921374142748,-34.69289786036,4.925));
#2080 = VECTOR('',#2081,1.);
#2081 = DIRECTION('',(2.22044604925E-16,-1.,0.));
#2082 = ORIENTED_EDGE('',*,*,#2083,.T.);
#2083 = EDGE_CURVE('',#2076,#592,#2084,.T.);
#2084 = LINE('',#2085,#2086);
#2085 = CARTESIAN_POINT('',(38.921374142748,-34.69289786036,4.925));
#2086 = VECTOR('',#2087,1.);
#2087 = DIRECTION('',(1.,0.,0.));
#2088 = ORIENTED_EDGE('',*,*,#599,.F.);
#2089 = ORIENTED_EDGE('',*,*,#2054,.F.);
#2090 = PLANE('',#2091);
#2091 = AXIS2_PLACEMENT_3D('',#2092,#2093,#2094);
#2092 = CARTESIAN_POINT('',(38.921374142748,-34.69289786036,4.925));
#2093 = DIRECTION('',(0.,0.,-1.));
#2094 = DIRECTION('',(2.22044604925E-16,-1.,0.));
#2095 = ADVANCED_FACE('',(#2096),#2114,.F.);
#2096 = FACE_BOUND('',#2097,.F.);
#2097 = EDGE_LOOP('',(#2098,#2106,#2112,#2113));
#2098 = ORIENTED_EDGE('',*,*,#2099,.F.);
#2099 = EDGE_CURVE('',#2100,#2076,#2102,.T.);
#2100 = VERTEX_POINT('',#2101);
#2101 = CARTESIAN_POINT('',(38.921374142748,-34.69289786036,
    5.582558139535));
#2102 = LINE('',#2103,#2104);
#2103 = CARTESIAN_POINT('',(38.921374142748,-34.69289786036,
    5.582558139535));
#2104 = VECTOR('',#2105,1.);
#2105 = DIRECTION('',(0.,2.22044604925E-16,-1.));
#2106 = ORIENTED_EDGE('',*,*,#2107,.T.);
#2107 = EDGE_CURVE('',#2100,#584,#2108,.T.);
#2108 = LINE('',#2109,#2110);
#2109 = CARTESIAN_POINT('',(38.921374142748,-34.69289786036,
    5.582558139535));
#2110 = VECTOR('',#2111,1.);
#2111 = DIRECTION('',(1.,0.,0.));
#2112 = ORIENTED_EDGE('',*,*,#591,.F.);
#2113 = ORIENTED_EDGE('',*,*,#2083,.F.);
#2114 = PLANE('',#2115);
#2115 = AXIS2_PLACEMENT_3D('',#2116,#2117,#2118);
#2116 = CARTESIAN_POINT('',(38.921374142748,-34.69289786036,
    5.582558139535));
#2117 = DIRECTION('',(-0.,1.,2.22044604925E-16));
#2118 = DIRECTION('',(0.,2.22044604925E-16,-1.));
#2119 = ADVANCED_FACE('',(#2120),#2138,.F.);
#2120 = FACE_BOUND('',#2121,.F.);
#2121 = EDGE_LOOP('',(#2122,#2130,#2136,#2137));
#2122 = ORIENTED_EDGE('',*,*,#2123,.F.);
#2123 = EDGE_CURVE('',#2124,#2100,#2126,.T.);
#2124 = VERTEX_POINT('',#2125);
#2125 = CARTESIAN_POINT('',(38.921374142748,-34.01321036036,
    5.582558139535));
#2126 = LINE('',#2127,#2128);
#2127 = CARTESIAN_POINT('',(38.921374142748,-34.01321036036,
    5.582558139535));
#2128 = VECTOR('',#2129,1.);
#2129 = DIRECTION('',(2.22044604925E-16,-1.,0.));
#2130 = ORIENTED_EDGE('',*,*,#2131,.T.);
#2131 = EDGE_CURVE('',#2124,#576,#2132,.T.);
#2132 = LINE('',#2133,#2134);
#2133 = CARTESIAN_POINT('',(38.921374142748,-34.01321036036,
    5.582558139535));
#2134 = VECTOR('',#2135,1.);
#2135 = DIRECTION('',(1.,0.,0.));
#2136 = ORIENTED_EDGE('',*,*,#583,.F.);
#2137 = ORIENTED_EDGE('',*,*,#2107,.F.);
#2138 = PLANE('',#2139);
#2139 = AXIS2_PLACEMENT_3D('',#2140,#2141,#2142);
#2140 = CARTESIAN_POINT('',(38.921374142748,-34.01321036036,
    5.582558139535));
#2141 = DIRECTION('',(0.,0.,-1.));
#2142 = DIRECTION('',(2.22044604925E-16,-1.,0.));
#2143 = ADVANCED_FACE('',(#2144),#2162,.F.);
#2144 = FACE_BOUND('',#2145,.F.);
#2145 = EDGE_LOOP('',(#2146,#2154,#2160,#2161));
#2146 = ORIENTED_EDGE('',*,*,#2147,.F.);
#2147 = EDGE_CURVE('',#2148,#2124,#2150,.T.);
#2148 = VERTEX_POINT('',#2149);
#2149 = CARTESIAN_POINT('',(38.921374142748,-34.01321036036,
    5.755377906977));
#2150 = LINE('',#2151,#2152);
#2151 = CARTESIAN_POINT('',(38.921374142748,-34.01321036036,
    5.755377906977));
#2152 = VECTOR('',#2153,1.);
#2153 = DIRECTION('',(0.,2.22044604925E-16,-1.));
#2154 = ORIENTED_EDGE('',*,*,#2155,.T.);
#2155 = EDGE_CURVE('',#2148,#568,#2156,.T.);
#2156 = LINE('',#2157,#2158);
#2157 = CARTESIAN_POINT('',(38.921374142748,-34.01321036036,
    5.755377906977));
#2158 = VECTOR('',#2159,1.);
#2159 = DIRECTION('',(1.,0.,0.));
#2160 = ORIENTED_EDGE('',*,*,#575,.F.);
#2161 = ORIENTED_EDGE('',*,*,#2131,.F.);
#2162 = PLANE('',#2163);
#2163 = AXIS2_PLACEMENT_3D('',#2164,#2165,#2166);
#2164 = CARTESIAN_POINT('',(38.921374142748,-34.01321036036,
    5.755377906977));
#2165 = DIRECTION('',(-0.,1.,2.22044604925E-16));
#2166 = DIRECTION('',(0.,2.22044604925E-16,-1.));
#2167 = ADVANCED_FACE('',(#2168),#2186,.F.);
#2168 = FACE_BOUND('',#2169,.F.);
#2169 = EDGE_LOOP('',(#2170,#2178,#2184,#2185));
#2170 = ORIENTED_EDGE('',*,*,#2171,.F.);
#2171 = EDGE_CURVE('',#2172,#2148,#2174,.T.);
#2172 = VERTEX_POINT('',#2173);
#2173 = CARTESIAN_POINT('',(38.921374142748,-34.69289786036,
    5.755377906977));
#2174 = LINE('',#2175,#2176);
#2175 = CARTESIAN_POINT('',(38.921374142748,-34.69289786036,
    5.755377906977));
#2176 = VECTOR('',#2177,1.);
#2177 = DIRECTION('',(-2.22044604925E-16,1.,0.));
#2178 = ORIENTED_EDGE('',*,*,#2179,.T.);
#2179 = EDGE_CURVE('',#2172,#560,#2180,.T.);
#2180 = LINE('',#2181,#2182);
#2181 = CARTESIAN_POINT('',(38.921374142748,-34.69289786036,
    5.755377906977));
#2182 = VECTOR('',#2183,1.);
#2183 = DIRECTION('',(1.,0.,0.));
#2184 = ORIENTED_EDGE('',*,*,#567,.F.);
#2185 = ORIENTED_EDGE('',*,*,#2155,.F.);
#2186 = PLANE('',#2187);
#2187 = AXIS2_PLACEMENT_3D('',#2188,#2189,#2190);
#2188 = CARTESIAN_POINT('',(38.921374142748,-34.69289786036,
    5.755377906977));
#2189 = DIRECTION('',(0.,-0.,1.));
#2190 = DIRECTION('',(-2.22044604925E-16,1.,0.));
#2191 = ADVANCED_FACE('',(#2192),#2210,.F.);
#2192 = FACE_BOUND('',#2193,.F.);
#2193 = EDGE_LOOP('',(#2194,#2202,#2208,#2209));
#2194 = ORIENTED_EDGE('',*,*,#2195,.F.);
#2195 = EDGE_CURVE('',#2196,#2172,#2198,.T.);
#2196 = VERTEX_POINT('',#2197);
#2197 = CARTESIAN_POINT('',(38.921374142748,-34.69289786036,
    6.202180232558));
#2198 = LINE('',#2199,#2200);
#2199 = CARTESIAN_POINT('',(38.921374142748,-34.69289786036,
    6.202180232558));
#2200 = VECTOR('',#2201,1.);
#2201 = DIRECTION('',(0.,2.22044604925E-16,-1.));
#2202 = ORIENTED_EDGE('',*,*,#2203,.T.);
#2203 = EDGE_CURVE('',#2196,#552,#2204,.T.);
#2204 = LINE('',#2205,#2206);
#2205 = CARTESIAN_POINT('',(38.921374142748,-34.69289786036,
    6.202180232558));
#2206 = VECTOR('',#2207,1.);
#2207 = DIRECTION('',(1.,0.,0.));
#2208 = ORIENTED_EDGE('',*,*,#559,.F.);
#2209 = ORIENTED_EDGE('',*,*,#2179,.F.);
#2210 = PLANE('',#2211);
#2211 = AXIS2_PLACEMENT_3D('',#2212,#2213,#2214);
#2212 = CARTESIAN_POINT('',(38.921374142748,-34.69289786036,
    6.202180232558));
#2213 = DIRECTION('',(-0.,1.,2.22044604925E-16));
#2214 = DIRECTION('',(0.,2.22044604925E-16,-1.));
#2215 = ADVANCED_FACE('',(#2216),#2234,.F.);
#2216 = FACE_BOUND('',#2217,.F.);
#2217 = EDGE_LOOP('',(#2218,#2226,#2232,#2233));
#2218 = ORIENTED_EDGE('',*,*,#2219,.F.);
#2219 = EDGE_CURVE('',#2220,#2196,#2222,.T.);
#2220 = VERTEX_POINT('',#2221);
#2221 = CARTESIAN_POINT('',(38.921374142748,-33.90750314743,
    6.202180232558));
#2222 = LINE('',#2223,#2224);
#2223 = CARTESIAN_POINT('',(38.921374142748,-33.90750314743,
    6.202180232558));
#2224 = VECTOR('',#2225,1.);
#2225 = DIRECTION('',(2.22044604925E-16,-1.,0.));
#2226 = ORIENTED_EDGE('',*,*,#2227,.T.);
#2227 = EDGE_CURVE('',#2220,#544,#2228,.T.);
#2228 = LINE('',#2229,#2230);
#2229 = CARTESIAN_POINT('',(38.921374142748,-33.90750314743,
    6.202180232558));
#2230 = VECTOR('',#2231,1.);
#2231 = DIRECTION('',(1.,0.,0.));
#2232 = ORIENTED_EDGE('',*,*,#551,.F.);
#2233 = ORIENTED_EDGE('',*,*,#2203,.F.);
#2234 = PLANE('',#2235);
#2235 = AXIS2_PLACEMENT_3D('',#2236,#2237,#2238);
#2236 = CARTESIAN_POINT('',(38.921374142748,-33.90750314743,
    6.202180232558));
#2237 = DIRECTION('',(0.,0.,-1.));
#2238 = DIRECTION('',(2.22044604925E-16,-1.,0.));
#2239 = ADVANCED_FACE('',(#2240),#2258,.F.);
#2240 = FACE_BOUND('',#2241,.F.);
#2241 = EDGE_LOOP('',(#2242,#2250,#2256,#2257));
#2242 = ORIENTED_EDGE('',*,*,#2243,.F.);
#2243 = EDGE_CURVE('',#2244,#2220,#2246,.T.);
#2244 = VERTEX_POINT('',#2245);
#2245 = CARTESIAN_POINT('',(38.921374142748,-33.90750314743,6.375));
#2246 = LINE('',#2247,#2248);
#2247 = CARTESIAN_POINT('',(38.921374142748,-33.90750314743,6.375));
#2248 = VECTOR('',#2249,1.);
#2249 = DIRECTION('',(0.,2.22044604925E-16,-1.));
#2250 = ORIENTED_EDGE('',*,*,#2251,.T.);
#2251 = EDGE_CURVE('',#2244,#536,#2252,.T.);
#2252 = LINE('',#2253,#2254);
#2253 = CARTESIAN_POINT('',(38.921374142748,-33.90750314743,6.375));
#2254 = VECTOR('',#2255,1.);
#2255 = DIRECTION('',(1.,0.,0.));
#2256 = ORIENTED_EDGE('',*,*,#543,.F.);
#2257 = ORIENTED_EDGE('',*,*,#2227,.F.);
#2258 = PLANE('',#2259);
#2259 = AXIS2_PLACEMENT_3D('',#2260,#2261,#2262);
#2260 = CARTESIAN_POINT('',(38.921374142748,-33.90750314743,6.375));
#2261 = DIRECTION('',(-0.,1.,2.22044604925E-16));
#2262 = DIRECTION('',(0.,2.22044604925E-16,-1.));
#2263 = ADVANCED_FACE('',(#2264),#2275,.F.);
#2264 = FACE_BOUND('',#2265,.F.);
#2265 = EDGE_LOOP('',(#2266,#2272,#2273,#2274));
#2266 = ORIENTED_EDGE('',*,*,#2267,.F.);
#2267 = EDGE_CURVE('',#2047,#2244,#2268,.T.);
#2268 = LINE('',#2269,#2270);
#2269 = CARTESIAN_POINT('',(38.921374142748,-34.88455392868,6.375));
#2270 = VECTOR('',#2271,1.);
#2271 = DIRECTION('',(-2.22044604925E-16,1.,0.));
#2272 = ORIENTED_EDGE('',*,*,#2061,.T.);
#2273 = ORIENTED_EDGE('',*,*,#535,.F.);
#2274 = ORIENTED_EDGE('',*,*,#2251,.F.);
#2275 = PLANE('',#2276);
#2276 = AXIS2_PLACEMENT_3D('',#2277,#2278,#2279);
#2277 = CARTESIAN_POINT('',(38.921374142748,-34.88455392868,6.375));
#2278 = DIRECTION('',(0.,-0.,1.));
#2279 = DIRECTION('',(-2.22044604925E-16,1.,0.));
#2280 = ADVANCED_FACE('',(#2281),#2306,.F.);
#2281 = FACE_BOUND('',#2282,.F.);
#2282 = EDGE_LOOP('',(#2283,#2293,#2299,#2300));
#2283 = ORIENTED_EDGE('',*,*,#2284,.F.);
#2284 = EDGE_CURVE('',#2285,#2287,#2289,.T.);
#2285 = VERTEX_POINT('',#2286);
#2286 = CARTESIAN_POINT('',(38.921374142748,-36.52495863435,
    5.630702670785));
#2287 = VERTEX_POINT('',#2288);
#2288 = CARTESIAN_POINT('',(38.921374142748,-36.33132673028,
    6.195989280523));
#2289 = B_SPLINE_CURVE_WITH_KNOTS('',2,(#2290,#2291,#2292),
  .UNSPECIFIED.,.F.,.F.,(3,3),(0.,1.),.PIECEWISE_BEZIER_KNOTS.);
#2290 = CARTESIAN_POINT('',(38.921374142748,-36.52495863435,
    5.630702670785));
#2291 = CARTESIAN_POINT('',(38.921374142748,-36.52495863435,
    5.991753724564));
#2292 = CARTESIAN_POINT('',(38.921374142748,-36.33132673028,
    6.195989280523));
#2293 = ORIENTED_EDGE('',*,*,#2294,.T.);
#2294 = EDGE_CURVE('',#2285,#610,#2295,.T.);
#2295 = LINE('',#2296,#2297);
#2296 = CARTESIAN_POINT('',(38.921374142748,-36.52495863435,
    5.630702670785));
#2297 = VECTOR('',#2298,1.);
#2298 = DIRECTION('',(1.,0.,0.));
#2299 = ORIENTED_EDGE('',*,*,#607,.F.);
#2300 = ORIENTED_EDGE('',*,*,#2301,.F.);
#2301 = EDGE_CURVE('',#2287,#608,#2302,.T.);
#2302 = LINE('',#2303,#2304);
#2303 = CARTESIAN_POINT('',(38.921374142748,-36.33132673028,
    6.195989280523));
#2304 = VECTOR('',#2305,1.);
#2305 = DIRECTION('',(1.,0.,0.));
#2306 = SURFACE_OF_LINEAR_EXTRUSION('',#2307,#2311);
#2307 = B_SPLINE_CURVE_WITH_KNOTS('',2,(#2308,#2309,#2310),
  .UNSPECIFIED.,.F.,.F.,(3,3),(0.,1.),.PIECEWISE_BEZIER_KNOTS.);
#2308 = CARTESIAN_POINT('',(38.921374142748,-36.52495863435,
    5.630702670785));
#2309 = CARTESIAN_POINT('',(38.921374142748,-36.52495863435,
    5.991753724564));
#2310 = CARTESIAN_POINT('',(38.921374142748,-36.33132673028,
    6.195989280523));
#2311 = VECTOR('',#2312,1.);
#2312 = DIRECTION('',(-1.,-0.,-0.));
#2313 = ADVANCED_FACE('',(#2314),#2332,.F.);
#2314 = FACE_BOUND('',#2315,.F.);
#2315 = EDGE_LOOP('',(#2316,#2324,#2330,#2331));
#2316 = ORIENTED_EDGE('',*,*,#2317,.F.);
#2317 = EDGE_CURVE('',#2318,#2285,#2320,.T.);
#2318 = VERTEX_POINT('',#2319);
#2319 = CARTESIAN_POINT('',(38.921374142748,-36.4419735326,
    5.268663699128));
#2320 = B_SPLINE_CURVE_WITH_KNOTS('',2,(#2321,#2322,#2323),
  .UNSPECIFIED.,.F.,.F.,(3,3),(0.,1.),.PIECEWISE_BEZIER_KNOTS.);
#2321 = CARTESIAN_POINT('',(38.921374142748,-36.4419735326,
    5.268663699128));
#2322 = CARTESIAN_POINT('',(38.921374142748,-36.52495863435,
    5.439771075581));
#2323 = CARTESIAN_POINT('',(38.921374142748,-36.52495863435,
    5.630702670785));
#2324 = ORIENTED_EDGE('',*,*,#2325,.T.);
#2325 = EDGE_CURVE('',#2318,#737,#2326,.T.);
#2326 = LINE('',#2327,#2328);
#2327 = CARTESIAN_POINT('',(38.921374142748,-36.4419735326,
    5.268663699128));
#2328 = VECTOR('',#2329,1.);
#2329 = DIRECTION('',(1.,0.,0.));
#2330 = ORIENTED_EDGE('',*,*,#749,.F.);
#2331 = ORIENTED_EDGE('',*,*,#2294,.F.);
#2332 = SURFACE_OF_LINEAR_EXTRUSION('',#2333,#2337);
#2333 = B_SPLINE_CURVE_WITH_KNOTS('',2,(#2334,#2335,#2336),
  .UNSPECIFIED.,.F.,.F.,(3,3),(0.,1.),.PIECEWISE_BEZIER_KNOTS.);
#2334 = CARTESIAN_POINT('',(38.921374142748,-36.4419735326,
    5.268663699128));
#2335 = CARTESIAN_POINT('',(38.921374142748,-36.52495863435,
    5.439771075581));
#2336 = CARTESIAN_POINT('',(38.921374142748,-36.52495863435,
    5.630702670785));
#2337 = VECTOR('',#2338,1.);
#2338 = DIRECTION('',(-1.,-0.,-0.));
#2339 = ADVANCED_FACE('',(#2340),#2358,.F.);
#2340 = FACE_BOUND('',#2341,.F.);
#2341 = EDGE_LOOP('',(#2342,#2350,#2356,#2357));
#2342 = ORIENTED_EDGE('',*,*,#2343,.F.);
#2343 = EDGE_CURVE('',#2344,#2318,#2346,.T.);
#2344 = VERTEX_POINT('',#2345);
#2345 = CARTESIAN_POINT('',(38.921374142748,-36.19795781676,4.9986328125
    ));
#2346 = B_SPLINE_CURVE_WITH_KNOTS('',2,(#2347,#2348,#2349),
  .UNSPECIFIED.,.F.,.F.,(3,3),(0.,1.),.PIECEWISE_BEZIER_KNOTS.);
#2347 = CARTESIAN_POINT('',(38.921374142748,-36.19795781676,4.9986328125
    ));
#2348 = CARTESIAN_POINT('',(38.921374142748,-36.35898843086,
    5.097556322674));
#2349 = CARTESIAN_POINT('',(38.921374142748,-36.4419735326,
    5.268663699128));
#2350 = ORIENTED_EDGE('',*,*,#2351,.T.);
#2351 = EDGE_CURVE('',#2344,#722,#2352,.T.);
#2352 = LINE('',#2353,#2354);
#2353 = CARTESIAN_POINT('',(38.921374142748,-36.19795781676,4.9986328125
    ));
#2354 = VECTOR('',#2355,1.);
#2355 = DIRECTION('',(1.,0.,0.));
#2356 = ORIENTED_EDGE('',*,*,#736,.F.);
#2357 = ORIENTED_EDGE('',*,*,#2325,.F.);
#2358 = SURFACE_OF_LINEAR_EXTRUSION('',#2359,#2363);
#2359 = B_SPLINE_CURVE_WITH_KNOTS('',2,(#2360,#2361,#2362),
  .UNSPECIFIED.,.F.,.F.,(3,3),(0.,1.),.PIECEWISE_BEZIER_KNOTS.);
#2360 = CARTESIAN_POINT('',(38.921374142748,-36.19795781676,4.9986328125
    ));
#2361 = CARTESIAN_POINT('',(38.921374142748,-36.35898843086,
    5.097556322674));
#2362 = CARTESIAN_POINT('',(38.921374142748,-36.4419735326,
    5.268663699128));
#2363 = VECTOR('',#2364,1.);
#2364 = DIRECTION('',(-1.,-0.,-0.));
#2365 = ADVANCED_FACE('',(#2366),#2384,.F.);
#2366 = FACE_BOUND('',#2367,.F.);
#2367 = EDGE_LOOP('',(#2368,#2376,#2382,#2383));
#2368 = ORIENTED_EDGE('',*,*,#2369,.F.);
#2369 = EDGE_CURVE('',#2370,#2344,#2372,.T.);
#2370 = VERTEX_POINT('',#2371);
#2371 = CARTESIAN_POINT('',(38.921374142748,-35.83242820193,
    4.899709302326));
#2372 = B_SPLINE_CURVE_WITH_KNOTS('',2,(#2373,#2374,#2375),
  .UNSPECIFIED.,.F.,.F.,(3,3),(0.,1.),.PIECEWISE_BEZIER_KNOTS.);
#2373 = CARTESIAN_POINT('',(38.921374142748,-35.83242820193,
    4.899709302326));
#2374 = CARTESIAN_POINT('',(38.921374142748,-36.03692720266,
    4.899709302326));
#2375 = CARTESIAN_POINT('',(38.921374142748,-36.19795781676,4.9986328125
    ));
#2376 = ORIENTED_EDGE('',*,*,#2377,.T.);
#2377 = EDGE_CURVE('',#2370,#709,#2378,.T.);
#2378 = LINE('',#2379,#2380);
#2379 = CARTESIAN_POINT('',(38.921374142748,-35.83242820193,
    4.899709302326));
#2380 = VECTOR('',#2381,1.);
#2381 = DIRECTION('',(1.,0.,0.));
#2382 = ORIENTED_EDGE('',*,*,#721,.F.);
#2383 = ORIENTED_EDGE('',*,*,#2351,.F.);
#2384 = SURFACE_OF_LINEAR_EXTRUSION('',#2385,#2389);
#2385 = B_SPLINE_CURVE_WITH_KNOTS('',2,(#2386,#2387,#2388),
  .UNSPECIFIED.,.F.,.F.,(3,3),(0.,1.),.PIECEWISE_BEZIER_KNOTS.);
#2386 = CARTESIAN_POINT('',(38.921374142748,-35.83242820193,
    4.899709302326));
#2387 = CARTESIAN_POINT('',(38.921374142748,-36.03692720266,
    4.899709302326));
#2388 = CARTESIAN_POINT('',(38.921374142748,-36.19795781676,4.9986328125
    ));
#2389 = VECTOR('',#2390,1.);
#2390 = DIRECTION('',(-1.,-0.,-0.));
#2391 = ADVANCED_FACE('',(#2392),#2410,.F.);
#2392 = FACE_BOUND('',#2393,.F.);
#2393 = EDGE_LOOP('',(#2394,#2402,#2408,#2409));
#2394 = ORIENTED_EDGE('',*,*,#2395,.F.);
#2395 = EDGE_CURVE('',#2396,#2370,#2398,.T.);
#2396 = VERTEX_POINT('',#2397);
#2397 = CARTESIAN_POINT('',(38.921374142748,-35.4807294374,
    4.989214662064));
#2398 = B_SPLINE_CURVE_WITH_KNOTS('',2,(#2399,#2400,#2401),
  .UNSPECIFIED.,.F.,.F.,(3,3),(0.,1.),.PIECEWISE_BEZIER_KNOTS.);
#2399 = CARTESIAN_POINT('',(38.921374142748,-35.4807294374,
    4.989214662064));
#2400 = CARTESIAN_POINT('',(38.921374142748,-35.64373588725,
    4.899709302326));
#2401 = CARTESIAN_POINT('',(38.921374142748,-35.83242820193,
    4.899709302326));
#2402 = ORIENTED_EDGE('',*,*,#2403,.T.);
#2403 = EDGE_CURVE('',#2396,#694,#2404,.T.);
#2404 = LINE('',#2405,#2406);
#2405 = CARTESIAN_POINT('',(38.921374142748,-35.4807294374,
    4.989214662064));
#2406 = VECTOR('',#2407,1.);
#2407 = DIRECTION('',(1.,0.,0.));
#2408 = ORIENTED_EDGE('',*,*,#708,.F.);
#2409 = ORIENTED_EDGE('',*,*,#2377,.F.);
#2410 = SURFACE_OF_LINEAR_EXTRUSION('',#2411,#2415);
#2411 = B_SPLINE_CURVE_WITH_KNOTS('',2,(#2412,#2413,#2414),
  .UNSPECIFIED.,.F.,.F.,(3,3),(0.,1.),.PIECEWISE_BEZIER_KNOTS.);
#2412 = CARTESIAN_POINT('',(38.921374142748,-35.4807294374,
    4.989214662064));
#2413 = CARTESIAN_POINT('',(38.921374142748,-35.64373588725,
    4.899709302326));
#2414 = CARTESIAN_POINT('',(38.921374142748,-35.83242820193,
    4.899709302326));
#2415 = VECTOR('',#2416,1.);
#2416 = DIRECTION('',(-1.,-0.,-0.));
#2417 = ADVANCED_FACE('',(#2418),#2436,.F.);
#2418 = FACE_BOUND('',#2419,.F.);
#2419 = EDGE_LOOP('',(#2420,#2428,#2434,#2435));
#2420 = ORIENTED_EDGE('',*,*,#2421,.F.);
#2421 = EDGE_CURVE('',#2422,#2396,#2424,.T.);
#2422 = VERTEX_POINT('',#2423);
#2423 = CARTESIAN_POINT('',(38.921374142748,-35.22881037853,
    5.25279115189));
#2424 = B_SPLINE_CURVE_WITH_KNOTS('',2,(#2425,#2426,#2427),
  .UNSPECIFIED.,.F.,.F.,(3,3),(0.,1.),.PIECEWISE_BEZIER_KNOTS.);
#2425 = CARTESIAN_POINT('',(38.921374142748,-35.22881037853,
    5.25279115189));
#2426 = CARTESIAN_POINT('',(38.921374142748,-35.31772298754,
    5.078720021802));
#2427 = CARTESIAN_POINT('',(38.921374142748,-35.4807294374,
    4.989214662064));
#2428 = ORIENTED_EDGE('',*,*,#2429,.T.);
#2429 = EDGE_CURVE('',#2422,#683,#2430,.T.);
#2430 = LINE('',#2431,#2432);
#2431 = CARTESIAN_POINT('',(38.921374142748,-35.22881037853,
    5.25279115189));
#2432 = VECTOR('',#2433,1.);
#2433 = DIRECTION('',(1.,0.,0.));
#2434 = ORIENTED_EDGE('',*,*,#693,.F.);
#2435 = ORIENTED_EDGE('',*,*,#2403,.F.);
#2436 = SURFACE_OF_LINEAR_EXTRUSION('',#2437,#2441);
#2437 = B_SPLINE_CURVE_WITH_KNOTS('',2,(#2438,#2439,#2440),
  .UNSPECIFIED.,.F.,.F.,(3,3),(0.,1.),.PIECEWISE_BEZIER_KNOTS.);
#2438 = CARTESIAN_POINT('',(38.921374142748,-35.22881037853,
    5.25279115189));
#2439 = CARTESIAN_POINT('',(38.921374142748,-35.31772298754,
    5.078720021802));
#2440 = CARTESIAN_POINT('',(38.921374142748,-35.4807294374,
    4.989214662064));
#2441 = VECTOR('',#2442,1.);
#2442 = DIRECTION('',(-1.,-0.,-0.));
#2443 = ADVANCED_FACE('',(#2444),#2462,.F.);
#2444 = FACE_BOUND('',#2445,.F.);
#2445 = EDGE_LOOP('',(#2446,#2454,#2460,#2461));
#2446 = ORIENTED_EDGE('',*,*,#2447,.F.);
#2447 = EDGE_CURVE('',#2448,#2422,#2450,.T.);
#2448 = VERTEX_POINT('',#2449);
#2449 = CARTESIAN_POINT('',(38.921374142748,-35.13989776952,
    5.647497274709));
#2450 = B_SPLINE_CURVE_WITH_KNOTS('',2,(#2451,#2452,#2453),
  .UNSPECIFIED.,.F.,.F.,(3,3),(0.,1.),.PIECEWISE_BEZIER_KNOTS.);
#2451 = CARTESIAN_POINT('',(38.921374142748,-35.13989776952,
    5.647497274709));
#2452 = CARTESIAN_POINT('',(38.921374142748,-35.13989776952,
    5.426928143169));
#2453 = CARTESIAN_POINT('',(38.921374142748,-35.22881037853,
    5.25279115189));
#2454 = ORIENTED_EDGE('',*,*,#2455,.T.);
#2455 = EDGE_CURVE('',#2448,#672,#2456,.T.);
#2456 = LINE('',#2457,#2458);
#2457 = CARTESIAN_POINT('',(38.921374142748,-35.13989776952,
    5.647497274709));
#2458 = VECTOR('',#2459,1.);
#2459 = DIRECTION('',(1.,0.,0.));
#2460 = ORIENTED_EDGE('',*,*,#682,.F.);
#2461 = ORIENTED_EDGE('',*,*,#2429,.F.);
#2462 = SURFACE_OF_LINEAR_EXTRUSION('',#2463,#2467);
#2463 = B_SPLINE_CURVE_WITH_KNOTS('',2,(#2464,#2465,#2466),
  .UNSPECIFIED.,.F.,.F.,(3,3),(0.,1.),.PIECEWISE_BEZIER_KNOTS.);
#2464 = CARTESIAN_POINT('',(38.921374142748,-35.13989776952,
    5.647497274709));
#2465 = CARTESIAN_POINT('',(38.921374142748,-35.13989776952,
    5.426928143169));
#2466 = CARTESIAN_POINT('',(38.921374142748,-35.22881037853,
    5.25279115189));
#2467 = VECTOR('',#2468,1.);
#2468 = DIRECTION('',(-1.,-0.,-0.));
#2469 = ADVANCED_FACE('',(#2470),#2488,.F.);
#2470 = FACE_BOUND('',#2471,.F.);
#2471 = EDGE_LOOP('',(#2472,#2480,#2486,#2487));
#2472 = ORIENTED_EDGE('',*,*,#2473,.F.);
#2473 = EDGE_CURVE('',#2474,#2448,#2476,.T.);
#2474 = VERTEX_POINT('',#2475);
#2475 = CARTESIAN_POINT('',(38.921374142748,-35.22439767868,
    6.036736918605));
#2476 = B_SPLINE_CURVE_WITH_KNOTS('',2,(#2477,#2478,#2479),
  .UNSPECIFIED.,.F.,.F.,(3,3),(0.,1.),.PIECEWISE_BEZIER_KNOTS.);
#2477 = CARTESIAN_POINT('',(38.921374142748,-35.22439767868,
    6.036736918605));
#2478 = CARTESIAN_POINT('',(38.921374142748,-35.13989776952,
    5.865168513808));
#2479 = CARTESIAN_POINT('',(38.921374142748,-35.13989776952,
    5.647497274709));
#2480 = ORIENTED_EDGE('',*,*,#2481,.T.);
#2481 = EDGE_CURVE('',#2474,#659,#2482,.T.);
#2482 = LINE('',#2483,#2484);
#2483 = CARTESIAN_POINT('',(38.921374142748,-35.22439767868,
    6.036736918605));
#2484 = VECTOR('',#2485,1.);
#2485 = DIRECTION('',(1.,0.,0.));
#2486 = ORIENTED_EDGE('',*,*,#671,.F.);
#2487 = ORIENTED_EDGE('',*,*,#2455,.F.);
#2488 = SURFACE_OF_LINEAR_EXTRUSION('',#2489,#2493);
#2489 = B_SPLINE_CURVE_WITH_KNOTS('',2,(#2490,#2491,#2492),
  .UNSPECIFIED.,.F.,.F.,(3,3),(0.,1.),.PIECEWISE_BEZIER_KNOTS.);
#2490 = CARTESIAN_POINT('',(38.921374142748,-35.22439767868,
    6.036736918605));
#2491 = CARTESIAN_POINT('',(38.921374142748,-35.13989776952,
    5.865168513808));
#2492 = CARTESIAN_POINT('',(38.921374142748,-35.13989776952,
    5.647497274709));
#2493 = VECTOR('',#2494,1.);
#2494 = DIRECTION('',(-1.,-0.,-0.));
#2495 = ADVANCED_FACE('',(#2496),#2514,.F.);
#2496 = FACE_BOUND('',#2497,.F.);
#2497 = EDGE_LOOP('',(#2498,#2506,#2512,#2513));
#2498 = ORIENTED_EDGE('',*,*,#2499,.F.);
#2499 = EDGE_CURVE('',#2500,#2474,#2502,.T.);
#2500 = VERTEX_POINT('',#2501);
#2501 = CARTESIAN_POINT('',(38.921374142748,-35.46986234074,
    6.304330941134));
#2502 = B_SPLINE_CURVE_WITH_KNOTS('',2,(#2503,#2504,#2505),
  .UNSPECIFIED.,.F.,.F.,(3,3),(0.,1.),.PIECEWISE_BEZIER_KNOTS.);
#2503 = CARTESIAN_POINT('',(38.921374142748,-35.46986234074,
    6.304330941134));
#2504 = CARTESIAN_POINT('',(38.921374142748,-35.30883172664,
    6.208371184593));
#2505 = CARTESIAN_POINT('',(38.921374142748,-35.22439767868,
    6.036736918605));
#2506 = ORIENTED_EDGE('',*,*,#2507,.T.);
#2507 = EDGE_CURVE('',#2500,#644,#2508,.T.);
#2508 = LINE('',#2509,#2510);
#2509 = CARTESIAN_POINT('',(38.921374142748,-35.46986234074,
    6.304330941134));
#2510 = VECTOR('',#2511,1.);
#2511 = DIRECTION('',(1.,0.,0.));
#2512 = ORIENTED_EDGE('',*,*,#658,.F.);
#2513 = ORIENTED_EDGE('',*,*,#2481,.F.);
#2514 = SURFACE_OF_LINEAR_EXTRUSION('',#2515,#2519);
#2515 = B_SPLINE_CURVE_WITH_KNOTS('',2,(#2516,#2517,#2518),
  .UNSPECIFIED.,.F.,.F.,(3,3),(0.,1.),.PIECEWISE_BEZIER_KNOTS.);
#2516 = CARTESIAN_POINT('',(38.921374142748,-35.46986234074,
    6.304330941134));
#2517 = CARTESIAN_POINT('',(38.921374142748,-35.30883172664,
    6.208371184593));
#2518 = CARTESIAN_POINT('',(38.921374142748,-35.22439767868,
    6.036736918605));
#2519 = VECTOR('',#2520,1.);
#2520 = DIRECTION('',(-1.,-0.,-0.));
#2521 = ADVANCED_FACE('',(#2522),#2540,.F.);
#2522 = FACE_BOUND('',#2523,.F.);
#2523 = EDGE_LOOP('',(#2524,#2532,#2538,#2539));
#2524 = ORIENTED_EDGE('',*,*,#2525,.F.);
#2525 = EDGE_CURVE('',#2526,#2500,#2528,.T.);
#2526 = VERTEX_POINT('',#2527);
#2527 = CARTESIAN_POINT('',(38.921374142748,-35.83144028406,
    6.400290697674));
#2528 = B_SPLINE_CURVE_WITH_KNOTS('',2,(#2529,#2530,#2531),
  .UNSPECIFIED.,.F.,.F.,(3,3),(0.,1.),.PIECEWISE_BEZIER_KNOTS.);
#2529 = CARTESIAN_POINT('',(38.921374142748,-35.83144028406,
    6.400290697674));
#2530 = CARTESIAN_POINT('',(38.921374142748,-35.63089295484,
    6.400290697674));
#2531 = CARTESIAN_POINT('',(38.921374142748,-35.46986234074,
    6.304330941134));
#2532 = ORIENTED_EDGE('',*,*,#2533,.T.);
#2533 = EDGE_CURVE('',#2526,#629,#2534,.T.);
#2534 = LINE('',#2535,#2536);
#2535 = CARTESIAN_POINT('',(38.921374142748,-35.83144028406,
    6.400290697674));
#2536 = VECTOR('',#2537,1.);
#2537 = DIRECTION('',(1.,0.,0.));
#2538 = ORIENTED_EDGE('',*,*,#643,.F.);
#2539 = ORIENTED_EDGE('',*,*,#2507,.F.);
#2540 = SURFACE_OF_LINEAR_EXTRUSION('',#2541,#2545);
#2541 = B_SPLINE_CURVE_WITH_KNOTS('',2,(#2542,#2543,#2544),
  .UNSPECIFIED.,.F.,.F.,(3,3),(0.,1.),.PIECEWISE_BEZIER_KNOTS.);
#2542 = CARTESIAN_POINT('',(38.921374142748,-35.83144028406,
    6.400290697674));
#2543 = CARTESIAN_POINT('',(38.921374142748,-35.63089295484,
    6.400290697674));
#2544 = CARTESIAN_POINT('',(38.921374142748,-35.46986234074,
    6.304330941134));
#2545 = VECTOR('',#2546,1.);
#2546 = DIRECTION('',(-1.,-0.,-0.));
#2547 = ADVANCED_FACE('',(#2548),#2559,.F.);
#2548 = FACE_BOUND('',#2549,.F.);
#2549 = EDGE_LOOP('',(#2550,#2556,#2557,#2558));
#2550 = ORIENTED_EDGE('',*,*,#2551,.F.);
#2551 = EDGE_CURVE('',#2287,#2526,#2552,.T.);
#2552 = B_SPLINE_CURVE_WITH_KNOTS('',2,(#2553,#2554,#2555),
  .UNSPECIFIED.,.F.,.F.,(3,3),(0.,1.),.PIECEWISE_BEZIER_KNOTS.);
#2553 = CARTESIAN_POINT('',(38.921374142748,-36.33132673028,
    6.195989280523));
#2554 = CARTESIAN_POINT('',(38.921374142748,-36.13769482621,
    6.400290697674));
#2555 = CARTESIAN_POINT('',(38.921374142748,-35.83144028406,
    6.400290697674));
#2556 = ORIENTED_EDGE('',*,*,#2301,.T.);
#2557 = ORIENTED_EDGE('',*,*,#628,.F.);
#2558 = ORIENTED_EDGE('',*,*,#2533,.F.);
#2559 = SURFACE_OF_LINEAR_EXTRUSION('',#2560,#2564);
#2560 = B_SPLINE_CURVE_WITH_KNOTS('',2,(#2561,#2562,#2563),
  .UNSPECIFIED.,.F.,.F.,(3,3),(0.,1.),.PIECEWISE_BEZIER_KNOTS.);
#2561 = CARTESIAN_POINT('',(38.921374142748,-36.33132673028,
    6.195989280523));
#2562 = CARTESIAN_POINT('',(38.921374142748,-36.13769482621,
    6.400290697674));
#2563 = CARTESIAN_POINT('',(38.921374142748,-35.83144028406,
    6.400290697674));
#2564 = VECTOR('',#2565,1.);
#2565 = DIRECTION('',(-1.,-0.,-0.));
#2566 = ADVANCED_FACE('',(#2567),#2592,.F.);
#2567 = FACE_BOUND('',#2568,.F.);
#2568 = EDGE_LOOP('',(#2569,#2579,#2585,#2586));
#2569 = ORIENTED_EDGE('',*,*,#2570,.F.);
#2570 = EDGE_CURVE('',#2571,#2573,#2575,.T.);
#2571 = VERTEX_POINT('',#2572);
#2572 = CARTESIAN_POINT('',(38.921374142748,-39.61312405949,4.925));
#2573 = VERTEX_POINT('',#2574);
#2574 = CARTESIAN_POINT('',(38.921374142748,-39.61312405949,6.375));
#2575 = LINE('',#2576,#2577);
#2576 = CARTESIAN_POINT('',(38.921374142748,-39.61312405949,4.925));
#2577 = VECTOR('',#2578,1.);
#2578 = DIRECTION('',(0.,-2.22044604925E-16,1.));
#2579 = ORIENTED_EDGE('',*,*,#2580,.T.);
#2580 = EDGE_CURVE('',#2571,#765,#2581,.T.);
#2581 = LINE('',#2582,#2583);
#2582 = CARTESIAN_POINT('',(38.921374142748,-39.61312405949,4.925));
#2583 = VECTOR('',#2584,1.);
#2584 = DIRECTION('',(1.,0.,0.));
#2585 = ORIENTED_EDGE('',*,*,#762,.F.);
#2586 = ORIENTED_EDGE('',*,*,#2587,.F.);
#2587 = EDGE_CURVE('',#2573,#763,#2588,.T.);
#2588 = LINE('',#2589,#2590);
#2589 = CARTESIAN_POINT('',(38.921374142748,-39.61312405949,6.375));
#2590 = VECTOR('',#2591,1.);
#2591 = DIRECTION('',(1.,0.,0.));
#2592 = PLANE('',#2593);
#2593 = AXIS2_PLACEMENT_3D('',#2594,#2595,#2596);
#2594 = CARTESIAN_POINT('',(38.921374142748,-39.61312405949,4.925));
#2595 = DIRECTION('',(0.,-1.,-2.22044604925E-16));
#2596 = DIRECTION('',(0.,-2.22044604925E-16,1.));
#2597 = ADVANCED_FACE('',(#2598),#2616,.F.);
#2598 = FACE_BOUND('',#2599,.F.);
#2599 = EDGE_LOOP('',(#2600,#2608,#2614,#2615));
#2600 = ORIENTED_EDGE('',*,*,#2601,.F.);
#2601 = EDGE_CURVE('',#2602,#2571,#2604,.T.);
#2602 = VERTEX_POINT('',#2603);
#2603 = CARTESIAN_POINT('',(38.921374142748,-39.4293713342,4.925));
#2604 = LINE('',#2605,#2606);
#2605 = CARTESIAN_POINT('',(38.921374142748,-39.4293713342,4.925));
#2606 = VECTOR('',#2607,1.);
#2607 = DIRECTION('',(2.22044604925E-16,-1.,0.));
#2608 = ORIENTED_EDGE('',*,*,#2609,.T.);
#2609 = EDGE_CURVE('',#2602,#829,#2610,.T.);
#2610 = LINE('',#2611,#2612);
#2611 = CARTESIAN_POINT('',(38.921374142748,-39.4293713342,4.925));
#2612 = VECTOR('',#2613,1.);
#2613 = DIRECTION('',(1.,0.,0.));
#2614 = ORIENTED_EDGE('',*,*,#836,.F.);
#2615 = ORIENTED_EDGE('',*,*,#2580,.F.);
#2616 = PLANE('',#2617);
#2617 = AXIS2_PLACEMENT_3D('',#2618,#2619,#2620);
#2618 = CARTESIAN_POINT('',(38.921374142748,-39.4293713342,4.925));
#2619 = DIRECTION('',(0.,0.,-1.));
#2620 = DIRECTION('',(2.22044604925E-16,-1.,0.));
#2621 = ADVANCED_FACE('',(#2622),#2640,.F.);
#2622 = FACE_BOUND('',#2623,.F.);
#2623 = EDGE_LOOP('',(#2624,#2632,#2638,#2639));
#2624 = ORIENTED_EDGE('',*,*,#2625,.F.);
#2625 = EDGE_CURVE('',#2626,#2602,#2628,.T.);
#2626 = VERTEX_POINT('',#2627);
#2627 = CARTESIAN_POINT('',(38.921374142748,-39.4293713342,6.05392668968
    ));
#2628 = LINE('',#2629,#2630);
#2629 = CARTESIAN_POINT('',(38.921374142748,-39.4293713342,6.05392668968
    ));
#2630 = VECTOR('',#2631,1.);
#2631 = DIRECTION('',(0.,2.22044604925E-16,-1.));
#2632 = ORIENTED_EDGE('',*,*,#2633,.T.);
#2633 = EDGE_CURVE('',#2626,#821,#2634,.T.);
#2634 = LINE('',#2635,#2636);
#2635 = CARTESIAN_POINT('',(38.921374142748,-39.4293713342,6.05392668968
    ));
#2636 = VECTOR('',#2637,1.);
#2637 = DIRECTION('',(1.,0.,0.));
#2638 = ORIENTED_EDGE('',*,*,#828,.F.);
#2639 = ORIENTED_EDGE('',*,*,#2609,.F.);
#2640 = PLANE('',#2641);
#2641 = AXIS2_PLACEMENT_3D('',#2642,#2643,#2644);
#2642 = CARTESIAN_POINT('',(38.921374142748,-39.4293713342,6.05392668968
    ));
#2643 = DIRECTION('',(-0.,1.,2.22044604925E-16));
#2644 = DIRECTION('',(0.,2.22044604925E-16,-1.));
#2645 = ADVANCED_FACE('',(#2646),#2664,.F.);
#2646 = FACE_BOUND('',#2647,.F.);
#2647 = EDGE_LOOP('',(#2648,#2656,#2662,#2663));
#2648 = ORIENTED_EDGE('',*,*,#2649,.F.);
#2649 = EDGE_CURVE('',#2650,#2626,#2652,.T.);
#2650 = VERTEX_POINT('',#2651);
#2651 = CARTESIAN_POINT('',(38.921374142748,-38.66867456821,4.925));
#2652 = LINE('',#2653,#2654);
#2653 = CARTESIAN_POINT('',(38.921374142748,-38.66867456821,4.925));
#2654 = VECTOR('',#2655,1.);
#2655 = DIRECTION('',(1.240789933308E-16,-0.558802108129,0.829301033371)
  );
#2656 = ORIENTED_EDGE('',*,*,#2657,.T.);
#2657 = EDGE_CURVE('',#2650,#813,#2658,.T.);
#2658 = LINE('',#2659,#2660);
#2659 = CARTESIAN_POINT('',(38.921374142748,-38.66867456821,4.925));
#2660 = VECTOR('',#2661,1.);
#2661 = DIRECTION('',(1.,0.,0.));
#2662 = ORIENTED_EDGE('',*,*,#820,.F.);
#2663 = ORIENTED_EDGE('',*,*,#2633,.F.);
#2664 = PLANE('',#2665);
#2665 = AXIS2_PLACEMENT_3D('',#2666,#2667,#2668);
#2666 = CARTESIAN_POINT('',(38.921374142748,-38.66867456821,4.925));
#2667 = DIRECTION('',(0.,-0.829301033371,-0.558802108129));
#2668 = DIRECTION('',(1.240789933308E-16,-0.558802108129,0.829301033371)
  );
#2669 = ADVANCED_FACE('',(#2670),#2688,.F.);
#2670 = FACE_BOUND('',#2671,.F.);
#2671 = EDGE_LOOP('',(#2672,#2680,#2686,#2687));
#2672 = ORIENTED_EDGE('',*,*,#2673,.F.);
#2673 = EDGE_CURVE('',#2674,#2650,#2676,.T.);
#2674 = VERTEX_POINT('',#2675);
#2675 = CARTESIAN_POINT('',(38.921374142748,-38.47207891051,4.925));
#2676 = LINE('',#2677,#2678);
#2677 = CARTESIAN_POINT('',(38.921374142748,-38.47207891051,4.925));
#2678 = VECTOR('',#2679,1.);
#2679 = DIRECTION('',(2.22044604925E-16,-1.,0.));
#2680 = ORIENTED_EDGE('',*,*,#2681,.T.);
#2681 = EDGE_CURVE('',#2674,#805,#2682,.T.);
#2682 = LINE('',#2683,#2684);
#2683 = CARTESIAN_POINT('',(38.921374142748,-38.47207891051,4.925));
#2684 = VECTOR('',#2685,1.);
#2685 = DIRECTION('',(1.,0.,0.));
#2686 = ORIENTED_EDGE('',*,*,#812,.F.);
#2687 = ORIENTED_EDGE('',*,*,#2657,.F.);
#2688 = PLANE('',#2689);
#2689 = AXIS2_PLACEMENT_3D('',#2690,#2691,#2692);
#2690 = CARTESIAN_POINT('',(38.921374142748,-38.47207891051,4.925));
#2691 = DIRECTION('',(0.,0.,-1.));
#2692 = DIRECTION('',(2.22044604925E-16,-1.,0.));
#2693 = ADVANCED_FACE('',(#2694),#2712,.F.);
#2694 = FACE_BOUND('',#2695,.F.);
#2695 = EDGE_LOOP('',(#2696,#2704,#2710,#2711));
#2696 = ORIENTED_EDGE('',*,*,#2697,.F.);
#2697 = EDGE_CURVE('',#2698,#2674,#2700,.T.);
#2698 = VERTEX_POINT('',#2699);
#2699 = CARTESIAN_POINT('',(38.921374142748,-38.47207891051,6.375));
#2700 = LINE('',#2701,#2702);
#2701 = CARTESIAN_POINT('',(38.921374142748,-38.47207891051,6.375));
#2702 = VECTOR('',#2703,1.);
#2703 = DIRECTION('',(0.,2.22044604925E-16,-1.));
#2704 = ORIENTED_EDGE('',*,*,#2705,.T.);
#2705 = EDGE_CURVE('',#2698,#797,#2706,.T.);
#2706 = LINE('',#2707,#2708);
#2707 = CARTESIAN_POINT('',(38.921374142748,-38.47207891051,6.375));
#2708 = VECTOR('',#2709,1.);
#2709 = DIRECTION('',(1.,0.,0.));
#2710 = ORIENTED_EDGE('',*,*,#804,.F.);
#2711 = ORIENTED_EDGE('',*,*,#2681,.F.);
#2712 = PLANE('',#2713);
#2713 = AXIS2_PLACEMENT_3D('',#2714,#2715,#2716);
#2714 = CARTESIAN_POINT('',(38.921374142748,-38.47207891051,6.375));
#2715 = DIRECTION('',(-0.,1.,2.22044604925E-16));
#2716 = DIRECTION('',(0.,2.22044604925E-16,-1.));
#2717 = ADVANCED_FACE('',(#2718),#2736,.F.);
#2718 = FACE_BOUND('',#2719,.F.);
#2719 = EDGE_LOOP('',(#2720,#2728,#2734,#2735));
#2720 = ORIENTED_EDGE('',*,*,#2721,.F.);
#2721 = EDGE_CURVE('',#2722,#2698,#2724,.T.);
#2722 = VERTEX_POINT('',#2723);
#2723 = CARTESIAN_POINT('',(38.921374142748,-38.6558316358,6.375));
#2724 = LINE('',#2725,#2726);
#2725 = CARTESIAN_POINT('',(38.921374142748,-38.6558316358,6.375));
#2726 = VECTOR('',#2727,1.);
#2727 = DIRECTION('',(-2.22044604925E-16,1.,0.));
#2728 = ORIENTED_EDGE('',*,*,#2729,.T.);
#2729 = EDGE_CURVE('',#2722,#789,#2730,.T.);
#2730 = LINE('',#2731,#2732);
#2731 = CARTESIAN_POINT('',(38.921374142748,-38.6558316358,6.375));
#2732 = VECTOR('',#2733,1.);
#2733 = DIRECTION('',(1.,0.,0.));
#2734 = ORIENTED_EDGE('',*,*,#796,.F.);
#2735 = ORIENTED_EDGE('',*,*,#2705,.F.);
#2736 = PLANE('',#2737);
#2737 = AXIS2_PLACEMENT_3D('',#2738,#2739,#2740);
#2738 = CARTESIAN_POINT('',(38.921374142748,-38.6558316358,6.375));
#2739 = DIRECTION('',(0.,-0.,1.));
#2740 = DIRECTION('',(-2.22044604925E-16,1.,0.));
#2741 = ADVANCED_FACE('',(#2742),#2760,.F.);
#2742 = FACE_BOUND('',#2743,.F.);
#2743 = EDGE_LOOP('',(#2744,#2752,#2758,#2759));
#2744 = ORIENTED_EDGE('',*,*,#2745,.F.);
#2745 = EDGE_CURVE('',#2746,#2722,#2748,.T.);
#2746 = VERTEX_POINT('',#2747);
#2747 = CARTESIAN_POINT('',(38.921374142748,-38.6558316358,5.24607331032
    ));
#2748 = LINE('',#2749,#2750);
#2749 = CARTESIAN_POINT('',(38.921374142748,-38.6558316358,5.24607331032
    ));
#2750 = VECTOR('',#2751,1.);
#2751 = DIRECTION('',(0.,-2.22044604925E-16,1.));
#2752 = ORIENTED_EDGE('',*,*,#2753,.T.);
#2753 = EDGE_CURVE('',#2746,#781,#2754,.T.);
#2754 = LINE('',#2755,#2756);
#2755 = CARTESIAN_POINT('',(38.921374142748,-38.6558316358,5.24607331032
    ));
#2756 = VECTOR('',#2757,1.);
#2757 = DIRECTION('',(1.,0.,0.));
#2758 = ORIENTED_EDGE('',*,*,#788,.F.);
#2759 = ORIENTED_EDGE('',*,*,#2729,.F.);
#2760 = PLANE('',#2761);
#2761 = AXIS2_PLACEMENT_3D('',#2762,#2763,#2764);
#2762 = CARTESIAN_POINT('',(38.921374142748,-38.6558316358,5.24607331032
    ));
#2763 = DIRECTION('',(0.,-1.,-2.22044604925E-16));
#2764 = DIRECTION('',(0.,-2.22044604925E-16,1.));
#2765 = ADVANCED_FACE('',(#2766),#2784,.F.);
#2766 = FACE_BOUND('',#2767,.F.);
#2767 = EDGE_LOOP('',(#2768,#2776,#2782,#2783));
#2768 = ORIENTED_EDGE('',*,*,#2769,.F.);
#2769 = EDGE_CURVE('',#2770,#2746,#2772,.T.);
#2770 = VERTEX_POINT('',#2771);
#2771 = CARTESIAN_POINT('',(38.921374142748,-39.41652840179,6.375));
#2772 = LINE('',#2773,#2774);
#2773 = CARTESIAN_POINT('',(38.921374142748,-39.41652840179,6.375));
#2774 = VECTOR('',#2775,1.);
#2775 = DIRECTION('',(-1.240789933308E-16,0.558802108129,-0.829301033371
    ));
#2776 = ORIENTED_EDGE('',*,*,#2777,.T.);
#2777 = EDGE_CURVE('',#2770,#773,#2778,.T.);
#2778 = LINE('',#2779,#2780);
#2779 = CARTESIAN_POINT('',(38.921374142748,-39.41652840179,6.375));
#2780 = VECTOR('',#2781,1.);
#2781 = DIRECTION('',(1.,0.,0.));
#2782 = ORIENTED_EDGE('',*,*,#780,.F.);
#2783 = ORIENTED_EDGE('',*,*,#2753,.F.);
#2784 = PLANE('',#2785);
#2785 = AXIS2_PLACEMENT_3D('',#2786,#2787,#2788);
#2786 = CARTESIAN_POINT('',(38.921374142748,-39.41652840179,6.375));
#2787 = DIRECTION('',(-0.,0.829301033371,0.558802108129));
#2788 = DIRECTION('',(-1.240789933308E-16,0.558802108129,-0.829301033371
    ));
#2789 = ADVANCED_FACE('',(#2790),#2801,.F.);
#2790 = FACE_BOUND('',#2791,.F.);
#2791 = EDGE_LOOP('',(#2792,#2798,#2799,#2800));
#2792 = ORIENTED_EDGE('',*,*,#2793,.F.);
#2793 = EDGE_CURVE('',#2573,#2770,#2794,.T.);
#2794 = LINE('',#2795,#2796);
#2795 = CARTESIAN_POINT('',(38.921374142748,-39.61312405949,6.375));
#2796 = VECTOR('',#2797,1.);
#2797 = DIRECTION('',(-2.22044604925E-16,1.,0.));
#2798 = ORIENTED_EDGE('',*,*,#2587,.T.);
#2799 = ORIENTED_EDGE('',*,*,#772,.F.);
#2800 = ORIENTED_EDGE('',*,*,#2777,.F.);
#2801 = PLANE('',#2802);
#2802 = AXIS2_PLACEMENT_3D('',#2803,#2804,#2805);
#2803 = CARTESIAN_POINT('',(38.921374142748,-39.61312405949,6.375));
#2804 = DIRECTION('',(0.,-0.,1.));
#2805 = DIRECTION('',(-2.22044604925E-16,1.,0.));
#2806 = ADVANCED_FACE('',(#2807),#2832,.F.);
#2807 = FACE_BOUND('',#2808,.F.);
#2808 = EDGE_LOOP('',(#2809,#2819,#2825,#2826));
#2809 = ORIENTED_EDGE('',*,*,#2810,.F.);
#2810 = EDGE_CURVE('',#2811,#2813,#2815,.T.);
#2811 = VERTEX_POINT('',#2812);
#2812 = CARTESIAN_POINT('',(38.921374142748,-41.24167375063,
    5.630702670785));
#2813 = VERTEX_POINT('',#2814);
#2814 = CARTESIAN_POINT('',(38.921374142748,-41.04804184656,
    6.195989280523));
#2815 = B_SPLINE_CURVE_WITH_KNOTS('',2,(#2816,#2817,#2818),
  .UNSPECIFIED.,.F.,.F.,(3,3),(0.,1.),.PIECEWISE_BEZIER_KNOTS.);
#2816 = CARTESIAN_POINT('',(38.921374142748,-41.24167375063,
    5.630702670785));
#2817 = CARTESIAN_POINT('',(38.921374142748,-41.24167375063,
    5.991753724564));
#2818 = CARTESIAN_POINT('',(38.921374142748,-41.04804184656,
    6.195989280523));
#2819 = ORIENTED_EDGE('',*,*,#2820,.T.);
#2820 = EDGE_CURVE('',#2811,#847,#2821,.T.);
#2821 = LINE('',#2822,#2823);
#2822 = CARTESIAN_POINT('',(38.921374142748,-41.24167375063,
    5.630702670785));
#2823 = VECTOR('',#2824,1.);
#2824 = DIRECTION('',(1.,0.,0.));
#2825 = ORIENTED_EDGE('',*,*,#844,.F.);
#2826 = ORIENTED_EDGE('',*,*,#2827,.F.);
#2827 = EDGE_CURVE('',#2813,#845,#2828,.T.);
#2828 = LINE('',#2829,#2830);
#2829 = CARTESIAN_POINT('',(38.921374142748,-41.04804184656,
    6.195989280523));
#2830 = VECTOR('',#2831,1.);
#2831 = DIRECTION('',(1.,0.,0.));
#2832 = SURFACE_OF_LINEAR_EXTRUSION('',#2833,#2837);
#2833 = B_SPLINE_CURVE_WITH_KNOTS('',2,(#2834,#2835,#2836),
  .UNSPECIFIED.,.F.,.F.,(3,3),(0.,1.),.PIECEWISE_BEZIER_KNOTS.);
#2834 = CARTESIAN_POINT('',(38.921374142748,-41.24167375063,
    5.630702670785));
#2835 = CARTESIAN_POINT('',(38.921374142748,-41.24167375063,
    5.991753724564));
#2836 = CARTESIAN_POINT('',(38.921374142748,-41.04804184656,
    6.195989280523));
#2837 = VECTOR('',#2838,1.);
#2838 = DIRECTION('',(-1.,-0.,-0.));
#2839 = ADVANCED_FACE('',(#2840),#2858,.F.);
#2840 = FACE_BOUND('',#2841,.F.);
#2841 = EDGE_LOOP('',(#2842,#2850,#2856,#2857));
#2842 = ORIENTED_EDGE('',*,*,#2843,.F.);
#2843 = EDGE_CURVE('',#2844,#2811,#2846,.T.);
#2844 = VERTEX_POINT('',#2845);
#2845 = CARTESIAN_POINT('',(38.921374142748,-41.15868864888,
    5.268663699128));
#2846 = B_SPLINE_CURVE_WITH_KNOTS('',2,(#2847,#2848,#2849),
  .UNSPECIFIED.,.F.,.F.,(3,3),(0.,1.),.PIECEWISE_BEZIER_KNOTS.);
#2847 = CARTESIAN_POINT('',(38.921374142748,-41.15868864888,
    5.268663699128));
#2848 = CARTESIAN_POINT('',(38.921374142748,-41.24167375063,
    5.439771075581));
#2849 = CARTESIAN_POINT('',(38.921374142748,-41.24167375063,
    5.630702670785));
#2850 = ORIENTED_EDGE('',*,*,#2851,.T.);
#2851 = EDGE_CURVE('',#2844,#974,#2852,.T.);
#2852 = LINE('',#2853,#2854);
#2853 = CARTESIAN_POINT('',(38.921374142748,-41.15868864888,
    5.268663699128));
#2854 = VECTOR('',#2855,1.);
#2855 = DIRECTION('',(1.,0.,0.));
#2856 = ORIENTED_EDGE('',*,*,#986,.F.);
#2857 = ORIENTED_EDGE('',*,*,#2820,.F.);
#2858 = SURFACE_OF_LINEAR_EXTRUSION('',#2859,#2863);
#2859 = B_SPLINE_CURVE_WITH_KNOTS('',2,(#2860,#2861,#2862),
  .UNSPECIFIED.,.F.,.F.,(3,3),(0.,1.),.PIECEWISE_BEZIER_KNOTS.);
#2860 = CARTESIAN_POINT('',(38.921374142748,-41.15868864888,
    5.268663699128));
#2861 = CARTESIAN_POINT('',(38.921374142748,-41.24167375063,
    5.439771075581));
#2862 = CARTESIAN_POINT('',(38.921374142748,-41.24167375063,
    5.630702670785));
#2863 = VECTOR('',#2864,1.);
#2864 = DIRECTION('',(-1.,-0.,-0.));
#2865 = ADVANCED_FACE('',(#2866),#2884,.F.);
#2866 = FACE_BOUND('',#2867,.F.);
#2867 = EDGE_LOOP('',(#2868,#2876,#2882,#2883));
#2868 = ORIENTED_EDGE('',*,*,#2869,.F.);
#2869 = EDGE_CURVE('',#2870,#2844,#2872,.T.);
#2870 = VERTEX_POINT('',#2871);
#2871 = CARTESIAN_POINT('',(38.921374142748,-40.91467293304,4.9986328125
    ));
#2872 = B_SPLINE_CURVE_WITH_KNOTS('',2,(#2873,#2874,#2875),
  .UNSPECIFIED.,.F.,.F.,(3,3),(0.,1.),.PIECEWISE_BEZIER_KNOTS.);
#2873 = CARTESIAN_POINT('',(38.921374142748,-40.91467293304,4.9986328125
    ));
#2874 = CARTESIAN_POINT('',(38.921374142748,-41.07570354714,
    5.097556322674));
#2875 = CARTESIAN_POINT('',(38.921374142748,-41.15868864888,
    5.268663699128));
#2876 = ORIENTED_EDGE('',*,*,#2877,.T.);
#2877 = EDGE_CURVE('',#2870,#959,#2878,.T.);
#2878 = LINE('',#2879,#2880);
#2879 = CARTESIAN_POINT('',(38.921374142748,-40.91467293304,4.9986328125
    ));
#2880 = VECTOR('',#2881,1.);
#2881 = DIRECTION('',(1.,0.,0.));
#2882 = ORIENTED_EDGE('',*,*,#973,.F.);
#2883 = ORIENTED_EDGE('',*,*,#2851,.F.);
#2884 = SURFACE_OF_LINEAR_EXTRUSION('',#2885,#2889);
#2885 = B_SPLINE_CURVE_WITH_KNOTS('',2,(#2886,#2887,#2888),
  .UNSPECIFIED.,.F.,.F.,(3,3),(0.,1.),.PIECEWISE_BEZIER_KNOTS.);
#2886 = CARTESIAN_POINT('',(38.921374142748,-40.91467293304,4.9986328125
    ));
#2887 = CARTESIAN_POINT('',(38.921374142748,-41.07570354714,
    5.097556322674));
#2888 = CARTESIAN_POINT('',(38.921374142748,-41.15868864888,
    5.268663699128));
#2889 = VECTOR('',#2890,1.);
#2890 = DIRECTION('',(-1.,-0.,-0.));
#2891 = ADVANCED_FACE('',(#2892),#2910,.F.);
#2892 = FACE_BOUND('',#2893,.F.);
#2893 = EDGE_LOOP('',(#2894,#2902,#2908,#2909));
#2894 = ORIENTED_EDGE('',*,*,#2895,.F.);
#2895 = EDGE_CURVE('',#2896,#2870,#2898,.T.);
#2896 = VERTEX_POINT('',#2897);
#2897 = CARTESIAN_POINT('',(38.921374142748,-40.54914331821,
    4.899709302326));
#2898 = B_SPLINE_CURVE_WITH_KNOTS('',2,(#2899,#2900,#2901),
  .UNSPECIFIED.,.F.,.F.,(3,3),(0.,1.),.PIECEWISE_BEZIER_KNOTS.);
#2899 = CARTESIAN_POINT('',(38.921374142748,-40.54914331821,
    4.899709302326));
#2900 = CARTESIAN_POINT('',(38.921374142748,-40.75364231894,
    4.899709302326));
#2901 = CARTESIAN_POINT('',(38.921374142748,-40.91467293304,4.9986328125
    ));
#2902 = ORIENTED_EDGE('',*,*,#2903,.T.);
#2903 = EDGE_CURVE('',#2896,#946,#2904,.T.);
#2904 = LINE('',#2905,#2906);
#2905 = CARTESIAN_POINT('',(38.921374142748,-40.54914331821,
    4.899709302326));
#2906 = VECTOR('',#2907,1.);
#2907 = DIRECTION('',(1.,0.,0.));
#2908 = ORIENTED_EDGE('',*,*,#958,.F.);
#2909 = ORIENTED_EDGE('',*,*,#2877,.F.);
#2910 = SURFACE_OF_LINEAR_EXTRUSION('',#2911,#2915);
#2911 = B_SPLINE_CURVE_WITH_KNOTS('',2,(#2912,#2913,#2914),
  .UNSPECIFIED.,.F.,.F.,(3,3),(0.,1.),.PIECEWISE_BEZIER_KNOTS.);
#2912 = CARTESIAN_POINT('',(38.921374142748,-40.54914331821,
    4.899709302326));
#2913 = CARTESIAN_POINT('',(38.921374142748,-40.75364231894,
    4.899709302326));
#2914 = CARTESIAN_POINT('',(38.921374142748,-40.91467293304,4.9986328125
    ));
#2915 = VECTOR('',#2916,1.);
#2916 = DIRECTION('',(-1.,-0.,-0.));
#2917 = ADVANCED_FACE('',(#2918),#2936,.F.);
#2918 = FACE_BOUND('',#2919,.F.);
#2919 = EDGE_LOOP('',(#2920,#2928,#2934,#2935));
#2920 = ORIENTED_EDGE('',*,*,#2921,.F.);
#2921 = EDGE_CURVE('',#2922,#2896,#2924,.T.);
#2922 = VERTEX_POINT('',#2923);
#2923 = CARTESIAN_POINT('',(38.921374142748,-40.19744455368,
    4.989214662064));
#2924 = B_SPLINE_CURVE_WITH_KNOTS('',2,(#2925,#2926,#2927),
  .UNSPECIFIED.,.F.,.F.,(3,3),(0.,1.),.PIECEWISE_BEZIER_KNOTS.);
#2925 = CARTESIAN_POINT('',(38.921374142748,-40.19744455368,
    4.989214662064));
#2926 = CARTESIAN_POINT('',(38.921374142748,-40.36045100353,
    4.899709302326));
#2927 = CARTESIAN_POINT('',(38.921374142748,-40.54914331821,
    4.899709302326));
#2928 = ORIENTED_EDGE('',*,*,#2929,.T.);
#2929 = EDGE_CURVE('',#2922,#931,#2930,.T.);
#2930 = LINE('',#2931,#2932);
#2931 = CARTESIAN_POINT('',(38.921374142748,-40.19744455368,
    4.989214662064));
#2932 = VECTOR('',#2933,1.);
#2933 = DIRECTION('',(1.,0.,0.));
#2934 = ORIENTED_EDGE('',*,*,#945,.F.);
#2935 = ORIENTED_EDGE('',*,*,#2903,.F.);
#2936 = SURFACE_OF_LINEAR_EXTRUSION('',#2937,#2941);
#2937 = B_SPLINE_CURVE_WITH_KNOTS('',2,(#2938,#2939,#2940),
  .UNSPECIFIED.,.F.,.F.,(3,3),(0.,1.),.PIECEWISE_BEZIER_KNOTS.);
#2938 = CARTESIAN_POINT('',(38.921374142748,-40.19744455368,
    4.989214662064));
#2939 = CARTESIAN_POINT('',(38.921374142748,-40.36045100353,
    4.899709302326));
#2940 = CARTESIAN_POINT('',(38.921374142748,-40.54914331821,
    4.899709302326));
#2941 = VECTOR('',#2942,1.);
#2942 = DIRECTION('',(-1.,-0.,-0.));
#2943 = ADVANCED_FACE('',(#2944),#2962,.F.);
#2944 = FACE_BOUND('',#2945,.F.);
#2945 = EDGE_LOOP('',(#2946,#2954,#2960,#2961));
#2946 = ORIENTED_EDGE('',*,*,#2947,.F.);
#2947 = EDGE_CURVE('',#2948,#2922,#2950,.T.);
#2948 = VERTEX_POINT('',#2949);
#2949 = CARTESIAN_POINT('',(38.921374142748,-39.94552549481,
    5.25279115189));
#2950 = B_SPLINE_CURVE_WITH_KNOTS('',2,(#2951,#2952,#2953),
  .UNSPECIFIED.,.F.,.F.,(3,3),(0.,1.),.PIECEWISE_BEZIER_KNOTS.);
#2951 = CARTESIAN_POINT('',(38.921374142748,-39.94552549481,
    5.25279115189));
#2952 = CARTESIAN_POINT('',(38.921374142748,-40.03443810382,
    5.078720021802));
#2953 = CARTESIAN_POINT('',(38.921374142748,-40.19744455368,
    4.989214662064));
#2954 = ORIENTED_EDGE('',*,*,#2955,.T.);
#2955 = EDGE_CURVE('',#2948,#920,#2956,.T.);
#2956 = LINE('',#2957,#2958);
#2957 = CARTESIAN_POINT('',(38.921374142748,-39.94552549481,
    5.25279115189));
#2958 = VECTOR('',#2959,1.);
#2959 = DIRECTION('',(1.,0.,0.));
#2960 = ORIENTED_EDGE('',*,*,#930,.F.);
#2961 = ORIENTED_EDGE('',*,*,#2929,.F.);
#2962 = SURFACE_OF_LINEAR_EXTRUSION('',#2963,#2967);
#2963 = B_SPLINE_CURVE_WITH_KNOTS('',2,(#2964,#2965,#2966),
  .UNSPECIFIED.,.F.,.F.,(3,3),(0.,1.),.PIECEWISE_BEZIER_KNOTS.);
#2964 = CARTESIAN_POINT('',(38.921374142748,-39.94552549481,
    5.25279115189));
#2965 = CARTESIAN_POINT('',(38.921374142748,-40.03443810382,
    5.078720021802));
#2966 = CARTESIAN_POINT('',(38.921374142748,-40.19744455368,
    4.989214662064));
#2967 = VECTOR('',#2968,1.);
#2968 = DIRECTION('',(-1.,-0.,-0.));
#2969 = ADVANCED_FACE('',(#2970),#2988,.F.);
#2970 = FACE_BOUND('',#2971,.F.);
#2971 = EDGE_LOOP('',(#2972,#2980,#2986,#2987));
#2972 = ORIENTED_EDGE('',*,*,#2973,.F.);
#2973 = EDGE_CURVE('',#2974,#2948,#2976,.T.);
#2974 = VERTEX_POINT('',#2975);
#2975 = CARTESIAN_POINT('',(38.921374142748,-39.8566128858,
    5.647497274709));
#2976 = B_SPLINE_CURVE_WITH_KNOTS('',2,(#2977,#2978,#2979),
  .UNSPECIFIED.,.F.,.F.,(3,3),(0.,1.),.PIECEWISE_BEZIER_KNOTS.);
#2977 = CARTESIAN_POINT('',(38.921374142748,-39.8566128858,
    5.647497274709));
#2978 = CARTESIAN_POINT('',(38.921374142748,-39.8566128858,
    5.426928143169));
#2979 = CARTESIAN_POINT('',(38.921374142748,-39.94552549481,
    5.25279115189));
#2980 = ORIENTED_EDGE('',*,*,#2981,.T.);
#2981 = EDGE_CURVE('',#2974,#909,#2982,.T.);
#2982 = LINE('',#2983,#2984);
#2983 = CARTESIAN_POINT('',(38.921374142748,-39.8566128858,
    5.647497274709));
#2984 = VECTOR('',#2985,1.);
#2985 = DIRECTION('',(1.,0.,0.));
#2986 = ORIENTED_EDGE('',*,*,#919,.F.);
#2987 = ORIENTED_EDGE('',*,*,#2955,.F.);
#2988 = SURFACE_OF_LINEAR_EXTRUSION('',#2989,#2993);
#2989 = B_SPLINE_CURVE_WITH_KNOTS('',2,(#2990,#2991,#2992),
  .UNSPECIFIED.,.F.,.F.,(3,3),(0.,1.),.PIECEWISE_BEZIER_KNOTS.);
#2990 = CARTESIAN_POINT('',(38.921374142748,-39.8566128858,
    5.647497274709));
#2991 = CARTESIAN_POINT('',(38.921374142748,-39.8566128858,
    5.426928143169));
#2992 = CARTESIAN_POINT('',(38.921374142748,-39.94552549481,
    5.25279115189));
#2993 = VECTOR('',#2994,1.);
#2994 = DIRECTION('',(-1.,-0.,-0.));
#2995 = ADVANCED_FACE('',(#2996),#3014,.F.);
#2996 = FACE_BOUND('',#2997,.F.);
#2997 = EDGE_LOOP('',(#2998,#3006,#3012,#3013));
#2998 = ORIENTED_EDGE('',*,*,#2999,.F.);
#2999 = EDGE_CURVE('',#3000,#2974,#3002,.T.);
#3000 = VERTEX_POINT('',#3001);
#3001 = CARTESIAN_POINT('',(38.921374142748,-39.94111279496,
    6.036736918605));
#3002 = B_SPLINE_CURVE_WITH_KNOTS('',2,(#3003,#3004,#3005),
  .UNSPECIFIED.,.F.,.F.,(3,3),(0.,1.),.PIECEWISE_BEZIER_KNOTS.);
#3003 = CARTESIAN_POINT('',(38.921374142748,-39.94111279496,
    6.036736918605));
#3004 = CARTESIAN_POINT('',(38.921374142748,-39.8566128858,
    5.865168513808));
#3005 = CARTESIAN_POINT('',(38.921374142748,-39.8566128858,
    5.647497274709));
#3006 = ORIENTED_EDGE('',*,*,#3007,.T.);
#3007 = EDGE_CURVE('',#3000,#896,#3008,.T.);
#3008 = LINE('',#3009,#3010);
#3009 = CARTESIAN_POINT('',(38.921374142748,-39.94111279496,
    6.036736918605));
#3010 = VECTOR('',#3011,1.);
#3011 = DIRECTION('',(1.,0.,0.));
#3012 = ORIENTED_EDGE('',*,*,#908,.F.);
#3013 = ORIENTED_EDGE('',*,*,#2981,.F.);
#3014 = SURFACE_OF_LINEAR_EXTRUSION('',#3015,#3019);
#3015 = B_SPLINE_CURVE_WITH_KNOTS('',2,(#3016,#3017,#3018),
  .UNSPECIFIED.,.F.,.F.,(3,3),(0.,1.),.PIECEWISE_BEZIER_KNOTS.);
#3016 = CARTESIAN_POINT('',(38.921374142748,-39.94111279496,
    6.036736918605));
#3017 = CARTESIAN_POINT('',(38.921374142748,-39.8566128858,
    5.865168513808));
#3018 = CARTESIAN_POINT('',(38.921374142748,-39.8566128858,
    5.647497274709));
#3019 = VECTOR('',#3020,1.);
#3020 = DIRECTION('',(-1.,-0.,-0.));
#3021 = ADVANCED_FACE('',(#3022),#3040,.F.);
#3022 = FACE_BOUND('',#3023,.F.);
#3023 = EDGE_LOOP('',(#3024,#3032,#3038,#3039));
#3024 = ORIENTED_EDGE('',*,*,#3025,.F.);
#3025 = EDGE_CURVE('',#3026,#3000,#3028,.T.);
#3026 = VERTEX_POINT('',#3027);
#3027 = CARTESIAN_POINT('',(38.921374142748,-40.18657745702,
    6.304330941134));
#3028 = B_SPLINE_CURVE_WITH_KNOTS('',2,(#3029,#3030,#3031),
  .UNSPECIFIED.,.F.,.F.,(3,3),(0.,1.),.PIECEWISE_BEZIER_KNOTS.);
#3029 = CARTESIAN_POINT('',(38.921374142748,-40.18657745702,
    6.304330941134));
#3030 = CARTESIAN_POINT('',(38.921374142748,-40.02554684292,
    6.208371184593));
#3031 = CARTESIAN_POINT('',(38.921374142748,-39.94111279496,
    6.036736918605));
#3032 = ORIENTED_EDGE('',*,*,#3033,.T.);
#3033 = EDGE_CURVE('',#3026,#881,#3034,.T.);
#3034 = LINE('',#3035,#3036);
#3035 = CARTESIAN_POINT('',(38.921374142748,-40.18657745702,
    6.304330941134));
#3036 = VECTOR('',#3037,1.);
#3037 = DIRECTION('',(1.,0.,0.));
#3038 = ORIENTED_EDGE('',*,*,#895,.F.);
#3039 = ORIENTED_EDGE('',*,*,#3007,.F.);
#3040 = SURFACE_OF_LINEAR_EXTRUSION('',#3041,#3045);
#3041 = B_SPLINE_CURVE_WITH_KNOTS('',2,(#3042,#3043,#3044),
  .UNSPECIFIED.,.F.,.F.,(3,3),(0.,1.),.PIECEWISE_BEZIER_KNOTS.);
#3042 = CARTESIAN_POINT('',(38.921374142748,-40.18657745702,
    6.304330941134));
#3043 = CARTESIAN_POINT('',(38.921374142748,-40.02554684292,
    6.208371184593));
#3044 = CARTESIAN_POINT('',(38.921374142748,-39.94111279496,
    6.036736918605));
#3045 = VECTOR('',#3046,1.);
#3046 = DIRECTION('',(-1.,-0.,-0.));
#3047 = ADVANCED_FACE('',(#3048),#3066,.F.);
#3048 = FACE_BOUND('',#3049,.F.);
#3049 = EDGE_LOOP('',(#3050,#3058,#3064,#3065));
#3050 = ORIENTED_EDGE('',*,*,#3051,.F.);
#3051 = EDGE_CURVE('',#3052,#3026,#3054,.T.);
#3052 = VERTEX_POINT('',#3053);
#3053 = CARTESIAN_POINT('',(38.921374142748,-40.54815540034,
    6.400290697674));
#3054 = B_SPLINE_CURVE_WITH_KNOTS('',2,(#3055,#3056,#3057),
  .UNSPECIFIED.,.F.,.F.,(3,3),(0.,1.),.PIECEWISE_BEZIER_KNOTS.);
#3055 = CARTESIAN_POINT('',(38.921374142748,-40.54815540034,
    6.400290697674));
#3056 = CARTESIAN_POINT('',(38.921374142748,-40.34760807112,
    6.400290697674));
#3057 = CARTESIAN_POINT('',(38.921374142748,-40.18657745702,
    6.304330941134));
#3058 = ORIENTED_EDGE('',*,*,#3059,.T.);
#3059 = EDGE_CURVE('',#3052,#866,#3060,.T.);
#3060 = LINE('',#3061,#3062);
#3061 = CARTESIAN_POINT('',(38.921374142748,-40.54815540034,
    6.400290697674));
#3062 = VECTOR('',#3063,1.);
#3063 = DIRECTION('',(1.,0.,0.));
#3064 = ORIENTED_EDGE('',*,*,#880,.F.);
#3065 = ORIENTED_EDGE('',*,*,#3033,.F.);
#3066 = SURFACE_OF_LINEAR_EXTRUSION('',#3067,#3071);
#3067 = B_SPLINE_CURVE_WITH_KNOTS('',2,(#3068,#3069,#3070),
  .UNSPECIFIED.,.F.,.F.,(3,3),(0.,1.),.PIECEWISE_BEZIER_KNOTS.);
#3068 = CARTESIAN_POINT('',(38.921374142748,-40.54815540034,
    6.400290697674));
#3069 = CARTESIAN_POINT('',(38.921374142748,-40.34760807112,
    6.400290697674));
#3070 = CARTESIAN_POINT('',(38.921374142748,-40.18657745702,
    6.304330941134));
#3071 = VECTOR('',#3072,1.);
#3072 = DIRECTION('',(-1.,-0.,-0.));
#3073 = ADVANCED_FACE('',(#3074),#3085,.F.);
#3074 = FACE_BOUND('',#3075,.F.);
#3075 = EDGE_LOOP('',(#3076,#3082,#3083,#3084));
#3076 = ORIENTED_EDGE('',*,*,#3077,.F.);
#3077 = EDGE_CURVE('',#2813,#3052,#3078,.T.);
#3078 = B_SPLINE_CURVE_WITH_KNOTS('',2,(#3079,#3080,#3081),
  .UNSPECIFIED.,.F.,.F.,(3,3),(0.,1.),.PIECEWISE_BEZIER_KNOTS.);
#3079 = CARTESIAN_POINT('',(38.921374142748,-41.04804184656,
    6.195989280523));
#3080 = CARTESIAN_POINT('',(38.921374142748,-40.85440994249,
    6.400290697674));
#3081 = CARTESIAN_POINT('',(38.921374142748,-40.54815540034,
    6.400290697674));
#3082 = ORIENTED_EDGE('',*,*,#2827,.T.);
#3083 = ORIENTED_EDGE('',*,*,#865,.F.);
#3084 = ORIENTED_EDGE('',*,*,#3059,.F.);
#3085 = SURFACE_OF_LINEAR_EXTRUSION('',#3086,#3090);
#3086 = B_SPLINE_CURVE_WITH_KNOTS('',2,(#3087,#3088,#3089),
  .UNSPECIFIED.,.F.,.F.,(3,3),(0.,1.),.PIECEWISE_BEZIER_KNOTS.);
#3087 = CARTESIAN_POINT('',(38.921374142748,-41.04804184656,
    6.195989280523));
#3088 = CARTESIAN_POINT('',(38.921374142748,-40.85440994249,
    6.400290697674));
#3089 = CARTESIAN_POINT('',(38.921374142748,-40.54815540034,
    6.400290697674));
#3090 = VECTOR('',#3091,1.);
#3091 = DIRECTION('',(-1.,-0.,-0.));
#3092 = ADVANCED_FACE('',(#3093),#3128,.F.);
#3093 = FACE_BOUND('',#3094,.F.);
#3094 = EDGE_LOOP('',(#3095,#3101,#3102,#3103,#3104,#3112,#3121,#3127));
#3095 = ORIENTED_EDGE('',*,*,#3096,.T.);
#3096 = EDGE_CURVE('',#1254,#1000,#3097,.T.);
#3097 = LINE('',#3098,#3099);
#3098 = CARTESIAN_POINT('',(37.221374142748,-48.88110617221,11.35));
#3099 = VECTOR('',#3100,1.);
#3100 = DIRECTION('',(1.,0.,0.));
#3101 = ORIENTED_EDGE('',*,*,#999,.F.);
#3102 = ORIENTED_EDGE('',*,*,#3096,.F.);
#3103 = ORIENTED_EDGE('',*,*,#1253,.T.);
#3104 = ORIENTED_EDGE('',*,*,#3105,.T.);
#3105 = EDGE_CURVE('',#1246,#3106,#3108,.T.);
#3106 = VERTEX_POINT('',#3107);
#3107 = CARTESIAN_POINT('',(38.101374142748,-51.,10.672000832195));
#3108 = LINE('',#3109,#3110);
#3109 = CARTESIAN_POINT('',(37.221374142748,-51.,10.672000832194));
#3110 = VECTOR('',#3111,1.);
#3111 = DIRECTION('',(1.,0.,0.));
#3112 = ORIENTED_EDGE('',*,*,#3113,.T.);
#3113 = EDGE_CURVE('',#3106,#3114,#3116,.T.);
#3114 = VERTEX_POINT('',#3115);
#3115 = CARTESIAN_POINT('',(38.101374142748,-51.03052469823,10.65));
#3116 = CIRCLE('',#3117,3.65);
#3117 = AXIS2_PLACEMENT_3D('',#3118,#3119,#3120);
#3118 = CARTESIAN_POINT('',(38.101374142748,-48.88110617221,7.7));
#3119 = DIRECTION('',(1.,0.,0.));
#3120 = DIRECTION('',(-0.,0.,1.));
#3121 = ORIENTED_EDGE('',*,*,#3122,.F.);
#3122 = EDGE_CURVE('',#1263,#3114,#3123,.T.);
#3123 = LINE('',#3124,#3125);
#3124 = CARTESIAN_POINT('',(37.221374142748,-51.03052469823,10.65));
#3125 = VECTOR('',#3126,1.);
#3126 = DIRECTION('',(1.,0.,0.));
#3127 = ORIENTED_EDGE('',*,*,#1262,.T.);
#3128 = CYLINDRICAL_SURFACE('',#3129,3.65);
#3129 = AXIS2_PLACEMENT_3D('',#3130,#3131,#3132);
#3130 = CARTESIAN_POINT('',(37.221374142748,-48.88110617221,7.7));
#3131 = DIRECTION('',(1.,0.,0.));
#3132 = DIRECTION('',(-0.,0.,1.));
#3133 = ADVANCED_FACE('',(#3134),#3150,.F.);
#3134 = FACE_BOUND('',#3135,.F.);
#3135 = EDGE_LOOP('',(#3136,#3137,#3143,#3144));
#3136 = ORIENTED_EDGE('',*,*,#1010,.F.);
#3137 = ORIENTED_EDGE('',*,*,#3138,.F.);
#3138 = EDGE_CURVE('',#1397,#1011,#3139,.T.);
#3139 = LINE('',#3140,#3141);
#3140 = CARTESIAN_POINT('',(37.221374142748,-30.85706277013,7.35));
#3141 = VECTOR('',#3142,1.);
#3142 = DIRECTION('',(1.,0.,-0.));
#3143 = ORIENTED_EDGE('',*,*,#1396,.T.);
#3144 = ORIENTED_EDGE('',*,*,#3145,.T.);
#3145 = EDGE_CURVE('',#1399,#1013,#3146,.T.);
#3146 = LINE('',#3147,#3148);
#3147 = CARTESIAN_POINT('',(37.221374142748,-30.05706277013,8.15));
#3148 = VECTOR('',#3149,1.);
#3149 = DIRECTION('',(1.,0.,-0.));
#3150 = CYLINDRICAL_SURFACE('',#3151,0.8);
#3151 = AXIS2_PLACEMENT_3D('',#3152,#3153,#3154);
#3152 = CARTESIAN_POINT('',(37.221374142748,-30.85706277013,8.15));
#3153 = DIRECTION('',(1.,0.,0.));
#3154 = DIRECTION('',(-0.,0.,1.));
#3155 = ADVANCED_FACE('',(#3156),#3167,.T.);
#3156 = FACE_BOUND('',#3157,.T.);
#3157 = EDGE_LOOP('',(#3158,#3159,#3165,#3166));
#3158 = ORIENTED_EDGE('',*,*,#1407,.T.);
#3159 = ORIENTED_EDGE('',*,*,#3160,.T.);
#3160 = EDGE_CURVE('',#1408,#1022,#3161,.T.);
#3161 = LINE('',#3162,#3163);
#3162 = CARTESIAN_POINT('',(37.221374142748,-43.05708505815,7.35));
#3163 = VECTOR('',#3164,1.);
#3164 = DIRECTION('',(1.,0.,-0.));
#3165 = ORIENTED_EDGE('',*,*,#1021,.F.);
#3166 = ORIENTED_EDGE('',*,*,#3138,.F.);
#3167 = PLANE('',#3168);
#3168 = AXIS2_PLACEMENT_3D('',#3169,#3170,#3171);
#3169 = CARTESIAN_POINT('',(37.221374142748,-43.05708505815,7.35));
#3170 = DIRECTION('',(0.,0.,1.));
#3171 = DIRECTION('',(1.,0.,-0.));
#3172 = ADVANCED_FACE('',(#3173),#3184,.F.);
#3173 = FACE_BOUND('',#3174,.F.);
#3174 = EDGE_LOOP('',(#3175,#3176,#3177,#3183));
#3175 = ORIENTED_EDGE('',*,*,#3145,.F.);
#3176 = ORIENTED_EDGE('',*,*,#1458,.T.);
#3177 = ORIENTED_EDGE('',*,*,#3178,.T.);
#3178 = EDGE_CURVE('',#1450,#1064,#3179,.T.);
#3179 = LINE('',#3180,#3181);
#3180 = CARTESIAN_POINT('',(37.221374142748,-30.05706277013,10.8));
#3181 = VECTOR('',#3182,1.);
#3182 = DIRECTION('',(1.,0.,-0.));
#3183 = ORIENTED_EDGE('',*,*,#1072,.F.);
#3184 = PLANE('',#3185);
#3185 = AXIS2_PLACEMENT_3D('',#3186,#3187,#3188);
#3186 = CARTESIAN_POINT('',(37.221374142748,-30.05706277013,8.15));
#3187 = DIRECTION('',(-0.,1.,0.));
#3188 = DIRECTION('',(0.,0.,1.));
#3189 = ADVANCED_FACE('',(#3190),#3201,.F.);
#3190 = FACE_BOUND('',#3191,.F.);
#3191 = EDGE_LOOP('',(#3192,#3193,#3199,#3200));
#3192 = ORIENTED_EDGE('',*,*,#1029,.F.);
#3193 = ORIENTED_EDGE('',*,*,#3194,.F.);
#3194 = EDGE_CURVE('',#1416,#1030,#3195,.T.);
#3195 = LINE('',#3196,#3197);
#3196 = CARTESIAN_POINT('',(37.221374142748,-43.85708505815,8.15));
#3197 = VECTOR('',#3198,1.);
#3198 = DIRECTION('',(1.,0.,-0.));
#3199 = ORIENTED_EDGE('',*,*,#1415,.T.);
#3200 = ORIENTED_EDGE('',*,*,#3160,.T.);
#3201 = CYLINDRICAL_SURFACE('',#3202,0.8);
#3202 = AXIS2_PLACEMENT_3D('',#3203,#3204,#3205);
#3203 = CARTESIAN_POINT('',(37.221374142748,-43.05708505815,8.15));
#3204 = DIRECTION('',(1.,0.,0.));
#3205 = DIRECTION('',(-0.,0.,1.));
#3206 = ADVANCED_FACE('',(#3207),#3218,.F.);
#3207 = FACE_BOUND('',#3208,.F.);
#3208 = EDGE_LOOP('',(#3209,#3210,#3211,#3212));
#3209 = ORIENTED_EDGE('',*,*,#1063,.F.);
#3210 = ORIENTED_EDGE('',*,*,#3178,.F.);
#3211 = ORIENTED_EDGE('',*,*,#1449,.T.);
#3212 = ORIENTED_EDGE('',*,*,#3213,.T.);
#3213 = EDGE_CURVE('',#1442,#1056,#3214,.T.);
#3214 = LINE('',#3215,#3216);
#3215 = CARTESIAN_POINT('',(37.221374142748,-30.85706277013,11.6));
#3216 = VECTOR('',#3217,1.);
#3217 = DIRECTION('',(1.,0.,-0.));
#3218 = CYLINDRICAL_SURFACE('',#3219,0.8);
#3219 = AXIS2_PLACEMENT_3D('',#3220,#3221,#3222);
#3220 = CARTESIAN_POINT('',(37.221374142748,-30.85706277013,10.8));
#3221 = DIRECTION('',(1.,0.,0.));
#3222 = DIRECTION('',(-0.,0.,1.));
#3223 = ADVANCED_FACE('',(#3224),#3235,.T.);
#3224 = FACE_BOUND('',#3225,.T.);
#3225 = EDGE_LOOP('',(#3226,#3227,#3228,#3234));
#3226 = ORIENTED_EDGE('',*,*,#3194,.F.);
#3227 = ORIENTED_EDGE('',*,*,#1424,.T.);
#3228 = ORIENTED_EDGE('',*,*,#3229,.T.);
#3229 = EDGE_CURVE('',#1425,#1039,#3230,.T.);
#3230 = LINE('',#3231,#3232);
#3231 = CARTESIAN_POINT('',(37.221374142748,-43.85708505815,10.8));
#3232 = VECTOR('',#3233,1.);
#3233 = DIRECTION('',(1.,0.,-0.));
#3234 = ORIENTED_EDGE('',*,*,#1038,.F.);
#3235 = PLANE('',#3236);
#3236 = AXIS2_PLACEMENT_3D('',#3237,#3238,#3239);
#3237 = CARTESIAN_POINT('',(37.221374142748,-43.85708505815,8.15));
#3238 = DIRECTION('',(-0.,1.,0.));
#3239 = DIRECTION('',(0.,0.,1.));
#3240 = ADVANCED_FACE('',(#3241),#3252,.F.);
#3241 = FACE_BOUND('',#3242,.F.);
#3242 = EDGE_LOOP('',(#3243,#3244,#3250,#3251));
#3243 = ORIENTED_EDGE('',*,*,#1441,.T.);
#3244 = ORIENTED_EDGE('',*,*,#3245,.T.);
#3245 = EDGE_CURVE('',#1433,#1047,#3246,.T.);
#3246 = LINE('',#3247,#3248);
#3247 = CARTESIAN_POINT('',(37.221374142748,-43.05708505815,11.6));
#3248 = VECTOR('',#3249,1.);
#3249 = DIRECTION('',(1.,0.,-0.));
#3250 = ORIENTED_EDGE('',*,*,#1055,.F.);
#3251 = ORIENTED_EDGE('',*,*,#3213,.F.);
#3252 = PLANE('',#3253);
#3253 = AXIS2_PLACEMENT_3D('',#3254,#3255,#3256);
#3254 = CARTESIAN_POINT('',(37.221374142748,-43.05708505815,11.6));
#3255 = DIRECTION('',(0.,0.,1.));
#3256 = DIRECTION('',(1.,0.,-0.));
#3257 = ADVANCED_FACE('',(#3258),#3264,.F.);
#3258 = FACE_BOUND('',#3259,.F.);
#3259 = EDGE_LOOP('',(#3260,#3261,#3262,#3263));
#3260 = ORIENTED_EDGE('',*,*,#1046,.F.);
#3261 = ORIENTED_EDGE('',*,*,#3245,.F.);
#3262 = ORIENTED_EDGE('',*,*,#1432,.T.);
#3263 = ORIENTED_EDGE('',*,*,#3229,.T.);
#3264 = CYLINDRICAL_SURFACE('',#3265,0.8);
#3265 = AXIS2_PLACEMENT_3D('',#3266,#3267,#3268);
#3266 = CARTESIAN_POINT('',(37.221374142748,-43.05708505815,10.8));
#3267 = DIRECTION('',(1.,0.,0.));
#3268 = DIRECTION('',(-0.,0.,1.));
#3269 = ADVANCED_FACE('',(#3270),#3296,.T.);
#3270 = FACE_BOUND('',#3271,.T.);
#3271 = EDGE_LOOP('',(#3272,#3280,#3288,#3294,#3295));
#3272 = ORIENTED_EDGE('',*,*,#3273,.F.);
#3273 = EDGE_CURVE('',#3274,#1616,#3276,.T.);
#3274 = VERTEX_POINT('',#3275);
#3275 = CARTESIAN_POINT('',(-0.890299720599,-51.,10.65));
#3276 = LINE('',#3277,#3278);
#3277 = CARTESIAN_POINT('',(-0.890299720599,-51.,10.65));
#3278 = VECTOR('',#3279,1.);
#3279 = DIRECTION('',(1.,0.,-0.));
#3280 = ORIENTED_EDGE('',*,*,#3281,.F.);
#3281 = EDGE_CURVE('',#3282,#3274,#3284,.T.);
#3282 = VERTEX_POINT('',#3283);
#3283 = CARTESIAN_POINT('',(-0.890299720599,-57.,10.65));
#3284 = LINE('',#3285,#3286);
#3285 = CARTESIAN_POINT('',(-0.890299720599,-57.,10.65));
#3286 = VECTOR('',#3287,1.);
#3287 = DIRECTION('',(-0.,1.,0.));
#3288 = ORIENTED_EDGE('',*,*,#3289,.T.);
#3289 = EDGE_CURVE('',#3282,#1130,#3290,.T.);
#3290 = LINE('',#3291,#3292);
#3291 = CARTESIAN_POINT('',(-0.890299720599,-57.,10.65));
#3292 = VECTOR('',#3293,1.);
#3293 = DIRECTION('',(1.,0.,-0.));
#3294 = ORIENTED_EDGE('',*,*,#1137,.F.);
#3295 = ORIENTED_EDGE('',*,*,#1623,.F.);
#3296 = PLANE('',#3297);
#3297 = AXIS2_PLACEMENT_3D('',#3298,#3299,#3300);
#3298 = CARTESIAN_POINT('',(-0.890299720599,-57.,10.65));
#3299 = DIRECTION('',(0.,0.,1.));
#3300 = DIRECTION('',(1.,0.,-0.));
#3301 = ADVANCED_FACE('',(#3302),#3320,.T.);
#3302 = FACE_BOUND('',#3303,.T.);
#3303 = EDGE_LOOP('',(#3304,#3305,#3313,#3319));
#3304 = ORIENTED_EDGE('',*,*,#3289,.F.);
#3305 = ORIENTED_EDGE('',*,*,#3306,.T.);
#3306 = EDGE_CURVE('',#3282,#3307,#3309,.T.);
#3307 = VERTEX_POINT('',#3308);
#3308 = CARTESIAN_POINT('',(-0.890299720599,-57.,11.5));
#3309 = LINE('',#3310,#3311);
#3310 = CARTESIAN_POINT('',(-0.890299720599,-57.,10.65));
#3311 = VECTOR('',#3312,1.);
#3312 = DIRECTION('',(0.,0.,1.));
#3313 = ORIENTED_EDGE('',*,*,#3314,.T.);
#3314 = EDGE_CURVE('',#3307,#1121,#3315,.T.);
#3315 = LINE('',#3316,#3317);
#3316 = CARTESIAN_POINT('',(-0.890299720599,-57.,11.5));
#3317 = VECTOR('',#3318,1.);
#3318 = DIRECTION('',(1.,0.,-0.));
#3319 = ORIENTED_EDGE('',*,*,#1129,.F.);
#3320 = PLANE('',#3321);
#3321 = AXIS2_PLACEMENT_3D('',#3322,#3323,#3324);
#3322 = CARTESIAN_POINT('',(-0.890299720599,-57.,10.65));
#3323 = DIRECTION('',(-0.,1.,0.));
#3324 = DIRECTION('',(0.,0.,1.));
#3325 = ADVANCED_FACE('',(#3326),#3345,.F.);
#3326 = FACE_BOUND('',#3327,.F.);
#3327 = EDGE_LOOP('',(#3328,#3336,#3342,#3343,#3344));
#3328 = ORIENTED_EDGE('',*,*,#3329,.F.);
#3329 = EDGE_CURVE('',#3330,#1608,#3332,.T.);
#3330 = VERTEX_POINT('',#3331);
#3331 = CARTESIAN_POINT('',(-0.890299720599,-51.,11.5));
#3332 = LINE('',#3333,#3334);
#3333 = CARTESIAN_POINT('',(-0.890299720599,-51.,11.5));
#3334 = VECTOR('',#3335,1.);
#3335 = DIRECTION('',(1.,0.,-0.));
#3336 = ORIENTED_EDGE('',*,*,#3337,.F.);
#3337 = EDGE_CURVE('',#3307,#3330,#3338,.T.);
#3338 = LINE('',#3339,#3340);
#3339 = CARTESIAN_POINT('',(-0.890299720599,-57.,11.5));
#3340 = VECTOR('',#3341,1.);
#3341 = DIRECTION('',(-0.,1.,0.));
#3342 = ORIENTED_EDGE('',*,*,#3314,.T.);
#3343 = ORIENTED_EDGE('',*,*,#1120,.F.);
#3344 = ORIENTED_EDGE('',*,*,#1607,.F.);
#3345 = PLANE('',#3346);
#3346 = AXIS2_PLACEMENT_3D('',#3347,#3348,#3349);
#3347 = CARTESIAN_POINT('',(-0.890299720599,-57.,11.5));
#3348 = DIRECTION('',(0.,0.,1.));
#3349 = DIRECTION('',(1.,0.,-0.));
#3350 = ADVANCED_FACE('',(#3351,#3361,#3372,#3383,#3394),#3405,.T.);
#3351 = FACE_BOUND('',#3352,.T.);
#3352 = EDGE_LOOP('',(#3353,#3354,#3355,#3356,#3357,#3358,#3359,#3360));
#3353 = ORIENTED_EDGE('',*,*,#1630,.F.);
#3354 = ORIENTED_EDGE('',*,*,#1096,.T.);
#3355 = ORIENTED_EDGE('',*,*,#1152,.T.);
#3356 = ORIENTED_EDGE('',*,*,#1186,.F.);
#3357 = ORIENTED_EDGE('',*,*,#1278,.T.);
#3358 = ORIENTED_EDGE('',*,*,#1473,.T.);
#3359 = ORIENTED_EDGE('',*,*,#1522,.F.);
#3360 = ORIENTED_EDGE('',*,*,#1556,.F.);
#3361 = FACE_BOUND('',#3362,.T.);
#3362 = EDGE_LOOP('',(#3363));
#3363 = ORIENTED_EDGE('',*,*,#3364,.F.);
#3364 = EDGE_CURVE('',#3365,#3365,#3367,.T.);
#3365 = VERTEX_POINT('',#3366);
#3366 = CARTESIAN_POINT('',(4.767,-56.3881,2.));
#3367 = CIRCLE('',#3368,2.1);
#3368 = AXIS2_PLACEMENT_3D('',#3369,#3370,#3371);
#3369 = CARTESIAN_POINT('',(2.667,-56.3881,2.));
#3370 = DIRECTION('',(0.,0.,1.));
#3371 = DIRECTION('',(1.,0.,-0.));
#3372 = FACE_BOUND('',#3373,.T.);
#3373 = EDGE_LOOP('',(#3374));
#3374 = ORIENTED_EDGE('',*,*,#3375,.F.);
#3375 = EDGE_CURVE('',#3376,#3376,#3378,.T.);
#3376 = VERTEX_POINT('',#3377);
#3377 = CARTESIAN_POINT('',(36.6441,-56.3881,2.));
#3378 = CIRCLE('',#3379,2.1);
#3379 = AXIS2_PLACEMENT_3D('',#3380,#3381,#3382);
#3380 = CARTESIAN_POINT('',(34.5441,-56.3881,2.));
#3381 = DIRECTION('',(0.,0.,1.));
#3382 = DIRECTION('',(1.,0.,-0.));
#3383 = FACE_BOUND('',#3384,.T.);
#3384 = EDGE_LOOP('',(#3385));
#3385 = ORIENTED_EDGE('',*,*,#3386,.F.);
#3386 = EDGE_CURVE('',#3387,#3387,#3389,.T.);
#3387 = VERTEX_POINT('',#3388);
#3388 = CARTESIAN_POINT('',(4.767,-2.667,2.));
#3389 = CIRCLE('',#3390,2.1);
#3390 = AXIS2_PLACEMENT_3D('',#3391,#3392,#3393);
#3391 = CARTESIAN_POINT('',(2.667,-2.667,2.));
#3392 = DIRECTION('',(0.,0.,1.));
#3393 = DIRECTION('',(1.,0.,-0.));
#3394 = FACE_BOUND('',#3395,.T.);
#3395 = EDGE_LOOP('',(#3396));
#3396 = ORIENTED_EDGE('',*,*,#3397,.F.);
#3397 = EDGE_CURVE('',#3398,#3398,#3400,.T.);
#3398 = VERTEX_POINT('',#3399);
#3399 = CARTESIAN_POINT('',(36.6441,-2.667,2.));
#3400 = CIRCLE('',#3401,2.1);
#3401 = AXIS2_PLACEMENT_3D('',#3402,#3403,#3404);
#3402 = CARTESIAN_POINT('',(34.5441,-2.667,2.));
#3403 = DIRECTION('',(0.,0.,1.));
#3404 = DIRECTION('',(1.,0.,-0.));
#3405 = PLANE('',#3406);
#3406 = AXIS2_PLACEMENT_3D('',#3407,#3408,#3409);
#3407 = CARTESIAN_POINT('',(-0.410299720599,-59.46541783083,2.));
#3408 = DIRECTION('',(0.,0.,1.));
#3409 = DIRECTION('',(1.,0.,-0.));
#3410 = ADVANCED_FACE('',(#3411),#3430,.T.);
#3411 = FACE_BOUND('',#3412,.T.);
#3412 = EDGE_LOOP('',(#3413,#3414,#3422,#3428,#3429));
#3413 = ORIENTED_EDGE('',*,*,#1220,.F.);
#3414 = ORIENTED_EDGE('',*,*,#3415,.T.);
#3415 = EDGE_CURVE('',#1213,#3416,#3418,.T.);
#3416 = VERTEX_POINT('',#3417);
#3417 = CARTESIAN_POINT('',(38.101374142748,-57.,10.65));
#3418 = LINE('',#3419,#3420);
#3419 = CARTESIAN_POINT('',(37.521374142748,-57.,10.65));
#3420 = VECTOR('',#3421,1.);
#3421 = DIRECTION('',(1.,0.,-0.));
#3422 = ORIENTED_EDGE('',*,*,#3423,.T.);
#3423 = EDGE_CURVE('',#3416,#3114,#3424,.T.);
#3424 = LINE('',#3425,#3426);
#3425 = CARTESIAN_POINT('',(38.101374142748,-57.,10.65));
#3426 = VECTOR('',#3427,1.);
#3427 = DIRECTION('',(-0.,1.,0.));
#3428 = ORIENTED_EDGE('',*,*,#3122,.F.);
#3429 = ORIENTED_EDGE('',*,*,#1271,.T.);
#3430 = PLANE('',#3431);
#3431 = AXIS2_PLACEMENT_3D('',#3432,#3433,#3434);
#3432 = CARTESIAN_POINT('',(37.521374142748,-57.,10.65));
#3433 = DIRECTION('',(0.,0.,1.));
#3434 = DIRECTION('',(1.,0.,-0.));
#3435 = ADVANCED_FACE('',(#3436),#3454,.T.);
#3436 = FACE_BOUND('',#3437,.T.);
#3437 = EDGE_LOOP('',(#3438,#3439,#3440,#3448));
#3438 = ORIENTED_EDGE('',*,*,#3415,.F.);
#3439 = ORIENTED_EDGE('',*,*,#1212,.T.);
#3440 = ORIENTED_EDGE('',*,*,#3441,.T.);
#3441 = EDGE_CURVE('',#1204,#3442,#3444,.T.);
#3442 = VERTEX_POINT('',#3443);
#3443 = CARTESIAN_POINT('',(38.101374142748,-57.,11.5));
#3444 = LINE('',#3445,#3446);
#3445 = CARTESIAN_POINT('',(37.521374142748,-57.,11.5));
#3446 = VECTOR('',#3447,1.);
#3447 = DIRECTION('',(1.,0.,-0.));
#3448 = ORIENTED_EDGE('',*,*,#3449,.F.);
#3449 = EDGE_CURVE('',#3416,#3442,#3450,.T.);
#3450 = LINE('',#3451,#3452);
#3451 = CARTESIAN_POINT('',(38.101374142748,-57.,10.65));
#3452 = VECTOR('',#3453,1.);
#3453 = DIRECTION('',(0.,0.,1.));
#3454 = PLANE('',#3455);
#3455 = AXIS2_PLACEMENT_3D('',#3456,#3457,#3458);
#3456 = CARTESIAN_POINT('',(37.521374142748,-57.,10.65));
#3457 = DIRECTION('',(-0.,1.,0.));
#3458 = DIRECTION('',(0.,0.,1.));
#3459 = ADVANCED_FACE('',(#3460),#3479,.F.);
#3460 = FACE_BOUND('',#3461,.F.);
#3461 = EDGE_LOOP('',(#3462,#3470,#3471,#3472,#3473));
#3462 = ORIENTED_EDGE('',*,*,#3463,.F.);
#3463 = EDGE_CURVE('',#1238,#3464,#3466,.T.);
#3464 = VERTEX_POINT('',#3465);
#3465 = CARTESIAN_POINT('',(38.101374142748,-51.,11.5));
#3466 = LINE('',#3467,#3468);
#3467 = CARTESIAN_POINT('',(37.521374142748,-51.,11.5));
#3468 = VECTOR('',#3469,1.);
#3469 = DIRECTION('',(1.,0.,-0.));
#3470 = ORIENTED_EDGE('',*,*,#1237,.T.);
#3471 = ORIENTED_EDGE('',*,*,#1203,.F.);
#3472 = ORIENTED_EDGE('',*,*,#3441,.T.);
#3473 = ORIENTED_EDGE('',*,*,#3474,.T.);
#3474 = EDGE_CURVE('',#3442,#3464,#3475,.T.);
#3475 = LINE('',#3476,#3477);
#3476 = CARTESIAN_POINT('',(38.101374142748,-57.,11.5));
#3477 = VECTOR('',#3478,1.);
#3478 = DIRECTION('',(-0.,1.,0.));
#3479 = PLANE('',#3480);
#3480 = AXIS2_PLACEMENT_3D('',#3481,#3482,#3483);
#3481 = CARTESIAN_POINT('',(37.521374142748,-57.,11.5));
#3482 = DIRECTION('',(0.,0.,1.));
#3483 = DIRECTION('',(1.,0.,-0.));
#3484 = ADVANCED_FACE('',(#3485),#3511,.F.);
#3485 = FACE_BOUND('',#3486,.F.);
#3486 = EDGE_LOOP('',(#3487,#3495,#3496,#3497,#3505));
#3487 = ORIENTED_EDGE('',*,*,#3488,.F.);
#3488 = EDGE_CURVE('',#1491,#3489,#3491,.T.);
#3489 = VERTEX_POINT('',#3490);
#3490 = CARTESIAN_POINT('',(38.101374142748,-2.,11.5));
#3491 = LINE('',#3492,#3493);
#3492 = CARTESIAN_POINT('',(37.521374142748,-2.,11.5));
#3493 = VECTOR('',#3494,1.);
#3494 = DIRECTION('',(1.,0.,-0.));
#3495 = ORIENTED_EDGE('',*,*,#1490,.F.);
#3496 = ORIENTED_EDGE('',*,*,#1310,.T.);
#3497 = ORIENTED_EDGE('',*,*,#3498,.T.);
#3498 = EDGE_CURVE('',#1303,#3499,#3501,.T.);
#3499 = VERTEX_POINT('',#3500);
#3500 = CARTESIAN_POINT('',(38.101374142748,-8.,11.5));
#3501 = LINE('',#3502,#3503);
#3502 = CARTESIAN_POINT('',(37.521374142748,-8.,11.5));
#3503 = VECTOR('',#3504,1.);
#3504 = DIRECTION('',(1.,0.,-0.));
#3505 = ORIENTED_EDGE('',*,*,#3506,.T.);
#3506 = EDGE_CURVE('',#3499,#3489,#3507,.T.);
#3507 = LINE('',#3508,#3509);
#3508 = CARTESIAN_POINT('',(38.101374142748,-8.,11.5));
#3509 = VECTOR('',#3510,1.);
#3510 = DIRECTION('',(-0.,1.,0.));
#3511 = PLANE('',#3512);
#3512 = AXIS2_PLACEMENT_3D('',#3513,#3514,#3515);
#3513 = CARTESIAN_POINT('',(37.521374142748,-8.,11.5));
#3514 = DIRECTION('',(0.,0.,1.));
#3515 = DIRECTION('',(1.,0.,-0.));
#3516 = ADVANCED_FACE('',(#3517),#3535,.T.);
#3517 = FACE_BOUND('',#3518,.T.);
#3518 = EDGE_LOOP('',(#3519,#3527,#3528,#3529));
#3519 = ORIENTED_EDGE('',*,*,#3520,.F.);
#3520 = EDGE_CURVE('',#1295,#3521,#3523,.T.);
#3521 = VERTEX_POINT('',#3522);
#3522 = CARTESIAN_POINT('',(38.101374142748,-8.,10.65));
#3523 = LINE('',#3524,#3525);
#3524 = CARTESIAN_POINT('',(37.521374142748,-8.,10.65));
#3525 = VECTOR('',#3526,1.);
#3526 = DIRECTION('',(1.,0.,-0.));
#3527 = ORIENTED_EDGE('',*,*,#1302,.T.);
#3528 = ORIENTED_EDGE('',*,*,#3498,.T.);
#3529 = ORIENTED_EDGE('',*,*,#3530,.F.);
#3530 = EDGE_CURVE('',#3521,#3499,#3531,.T.);
#3531 = LINE('',#3532,#3533);
#3532 = CARTESIAN_POINT('',(38.101374142748,-8.,10.65));
#3533 = VECTOR('',#3534,1.);
#3534 = DIRECTION('',(0.,0.,1.));
#3535 = PLANE('',#3536);
#3536 = AXIS2_PLACEMENT_3D('',#3537,#3538,#3539);
#3537 = CARTESIAN_POINT('',(37.521374142748,-8.,10.65));
#3538 = DIRECTION('',(-0.,1.,0.));
#3539 = DIRECTION('',(0.,0.,1.));
#3540 = ADVANCED_FACE('',(#3541),#3560,.T.);
#3541 = FACE_BOUND('',#3542,.T.);
#3542 = EDGE_LOOP('',(#3543,#3551,#3552,#3553,#3554));
#3543 = ORIENTED_EDGE('',*,*,#3544,.F.);
#3544 = EDGE_CURVE('',#1500,#3545,#3547,.T.);
#3545 = VERTEX_POINT('',#3546);
#3546 = CARTESIAN_POINT('',(38.101374142748,-2.,10.65));
#3547 = LINE('',#3548,#3549);
#3548 = CARTESIAN_POINT('',(37.521374142748,-2.,10.65));
#3549 = VECTOR('',#3550,1.);
#3550 = DIRECTION('',(1.,0.,-0.));
#3551 = ORIENTED_EDGE('',*,*,#1507,.F.);
#3552 = ORIENTED_EDGE('',*,*,#1294,.T.);
#3553 = ORIENTED_EDGE('',*,*,#3520,.T.);
#3554 = ORIENTED_EDGE('',*,*,#3555,.T.);
#3555 = EDGE_CURVE('',#3521,#3545,#3556,.T.);
#3556 = LINE('',#3557,#3558);
#3557 = CARTESIAN_POINT('',(38.101374142748,-8.,10.65));
#3558 = VECTOR('',#3559,1.);
#3559 = DIRECTION('',(-0.,1.,0.));
#3560 = PLANE('',#3561);
#3561 = AXIS2_PLACEMENT_3D('',#3562,#3563,#3564);
#3562 = CARTESIAN_POINT('',(37.521374142748,-8.,10.65));
#3563 = DIRECTION('',(0.,0.,1.));
#3564 = DIRECTION('',(1.,0.,-0.));
#3565 = ADVANCED_FACE('',(#3566),#3577,.F.);
#3566 = FACE_BOUND('',#3567,.F.);
#3567 = EDGE_LOOP('',(#3568,#3574,#3575,#3576));
#3568 = ORIENTED_EDGE('',*,*,#3569,.F.);
#3569 = EDGE_CURVE('',#3106,#3464,#3570,.T.);
#3570 = LINE('',#3571,#3572);
#3571 = CARTESIAN_POINT('',(38.101374142748,-51.,10.65));
#3572 = VECTOR('',#3573,1.);
#3573 = DIRECTION('',(0.,0.,1.));
#3574 = ORIENTED_EDGE('',*,*,#3105,.F.);
#3575 = ORIENTED_EDGE('',*,*,#1245,.T.);
#3576 = ORIENTED_EDGE('',*,*,#3463,.T.);
#3577 = PLANE('',#3578);
#3578 = AXIS2_PLACEMENT_3D('',#3579,#3580,#3581);
#3579 = CARTESIAN_POINT('',(37.521374142748,-51.,10.65));
#3580 = DIRECTION('',(-0.,1.,0.));
#3581 = DIRECTION('',(0.,0.,1.));
#3582 = ADVANCED_FACE('',(#3583),#3594,.F.);
#3583 = FACE_BOUND('',#3584,.F.);
#3584 = EDGE_LOOP('',(#3585,#3586,#3587,#3588));
#3585 = ORIENTED_EDGE('',*,*,#3544,.F.);
#3586 = ORIENTED_EDGE('',*,*,#1499,.T.);
#3587 = ORIENTED_EDGE('',*,*,#3488,.T.);
#3588 = ORIENTED_EDGE('',*,*,#3589,.F.);
#3589 = EDGE_CURVE('',#3545,#3489,#3590,.T.);
#3590 = LINE('',#3591,#3592);
#3591 = CARTESIAN_POINT('',(38.101374142748,-2.,10.65));
#3592 = VECTOR('',#3593,1.);
#3593 = DIRECTION('',(0.,0.,1.));
#3594 = PLANE('',#3595);
#3595 = AXIS2_PLACEMENT_3D('',#3596,#3597,#3598);
#3596 = CARTESIAN_POINT('',(37.521374142748,-2.,10.65));
#3597 = DIRECTION('',(-0.,1.,0.));
#3598 = DIRECTION('',(0.,0.,1.));
#3599 = ADVANCED_FACE('',(#3600),#3626,.T.);
#3600 = FACE_BOUND('',#3601,.T.);
#3601 = EDGE_LOOP('',(#3602,#3610,#3618,#3624,#3625));
#3602 = ORIENTED_EDGE('',*,*,#3603,.F.);
#3603 = EDGE_CURVE('',#3604,#1583,#3606,.T.);
#3604 = VERTEX_POINT('',#3605);
#3605 = CARTESIAN_POINT('',(-0.890299720599,-2.,10.65));
#3606 = LINE('',#3607,#3608);
#3607 = CARTESIAN_POINT('',(-0.890299720599,-2.,10.65));
#3608 = VECTOR('',#3609,1.);
#3609 = DIRECTION('',(1.,0.,-0.));
#3610 = ORIENTED_EDGE('',*,*,#3611,.F.);
#3611 = EDGE_CURVE('',#3612,#3604,#3614,.T.);
#3612 = VERTEX_POINT('',#3613);
#3613 = CARTESIAN_POINT('',(-0.890299720599,-8.,10.65));
#3614 = LINE('',#3615,#3616);
#3615 = CARTESIAN_POINT('',(-0.890299720599,-8.,10.65));
#3616 = VECTOR('',#3617,1.);
#3617 = DIRECTION('',(-0.,1.,0.));
#3618 = ORIENTED_EDGE('',*,*,#3619,.T.);
#3619 = EDGE_CURVE('',#3612,#1638,#3620,.T.);
#3620 = LINE('',#3621,#3622);
#3621 = CARTESIAN_POINT('',(-0.890299720599,-8.,10.65));
#3622 = VECTOR('',#3623,1.);
#3623 = DIRECTION('',(1.,0.,-0.));
#3624 = ORIENTED_EDGE('',*,*,#1637,.F.);
#3625 = ORIENTED_EDGE('',*,*,#1590,.F.);
#3626 = PLANE('',#3627);
#3627 = AXIS2_PLACEMENT_3D('',#3628,#3629,#3630);
#3628 = CARTESIAN_POINT('',(-0.890299720599,-8.,10.65));
#3629 = DIRECTION('',(0.,0.,1.));
#3630 = DIRECTION('',(1.,0.,-0.));
#3631 = ADVANCED_FACE('',(#3632),#3650,.F.);
#3632 = FACE_BOUND('',#3633,.F.);
#3633 = EDGE_LOOP('',(#3634,#3635,#3643,#3649));
#3634 = ORIENTED_EDGE('',*,*,#3603,.F.);
#3635 = ORIENTED_EDGE('',*,*,#3636,.T.);
#3636 = EDGE_CURVE('',#3604,#3637,#3639,.T.);
#3637 = VERTEX_POINT('',#3638);
#3638 = CARTESIAN_POINT('',(-0.890299720599,-2.,11.5));
#3639 = LINE('',#3640,#3641);
#3640 = CARTESIAN_POINT('',(-0.890299720599,-2.,10.65));
#3641 = VECTOR('',#3642,1.);
#3642 = DIRECTION('',(0.,0.,1.));
#3643 = ORIENTED_EDGE('',*,*,#3644,.T.);
#3644 = EDGE_CURVE('',#3637,#1574,#3645,.T.);
#3645 = LINE('',#3646,#3647);
#3646 = CARTESIAN_POINT('',(-0.890299720599,-2.,11.5));
#3647 = VECTOR('',#3648,1.);
#3648 = DIRECTION('',(1.,0.,-0.));
#3649 = ORIENTED_EDGE('',*,*,#1582,.F.);
#3650 = PLANE('',#3651);
#3651 = AXIS2_PLACEMENT_3D('',#3652,#3653,#3654);
#3652 = CARTESIAN_POINT('',(-0.890299720599,-2.,10.65));
#3653 = DIRECTION('',(-0.,1.,0.));
#3654 = DIRECTION('',(0.,0.,1.));
#3655 = ADVANCED_FACE('',(#3656),#3675,.F.);
#3656 = FACE_BOUND('',#3657,.F.);
#3657 = EDGE_LOOP('',(#3658,#3659,#3667,#3673,#3674));
#3658 = ORIENTED_EDGE('',*,*,#3644,.F.);
#3659 = ORIENTED_EDGE('',*,*,#3660,.F.);
#3660 = EDGE_CURVE('',#3661,#3637,#3663,.T.);
#3661 = VERTEX_POINT('',#3662);
#3662 = CARTESIAN_POINT('',(-0.890299720599,-8.,11.5));
#3663 = LINE('',#3664,#3665);
#3664 = CARTESIAN_POINT('',(-0.890299720599,-8.,11.5));
#3665 = VECTOR('',#3666,1.);
#3666 = DIRECTION('',(-0.,1.,0.));
#3667 = ORIENTED_EDGE('',*,*,#3668,.T.);
#3668 = EDGE_CURVE('',#3661,#1646,#3669,.T.);
#3669 = LINE('',#3670,#3671);
#3670 = CARTESIAN_POINT('',(-0.890299720599,-8.,11.5));
#3671 = VECTOR('',#3672,1.);
#3672 = DIRECTION('',(1.,0.,-0.));
#3673 = ORIENTED_EDGE('',*,*,#1653,.F.);
#3674 = ORIENTED_EDGE('',*,*,#1573,.F.);
#3675 = PLANE('',#3676);
#3676 = AXIS2_PLACEMENT_3D('',#3677,#3678,#3679);
#3677 = CARTESIAN_POINT('',(-0.890299720599,-8.,11.5));
#3678 = DIRECTION('',(0.,0.,1.));
#3679 = DIRECTION('',(1.,0.,-0.));
#3680 = ADVANCED_FACE('',(#3681),#3692,.T.);
#3681 = FACE_BOUND('',#3682,.T.);
#3682 = EDGE_LOOP('',(#3683,#3684,#3690,#3691));
#3683 = ORIENTED_EDGE('',*,*,#3619,.F.);
#3684 = ORIENTED_EDGE('',*,*,#3685,.T.);
#3685 = EDGE_CURVE('',#3612,#3661,#3686,.T.);
#3686 = LINE('',#3687,#3688);
#3687 = CARTESIAN_POINT('',(-0.890299720599,-8.,10.65));
#3688 = VECTOR('',#3689,1.);
#3689 = DIRECTION('',(0.,0.,1.));
#3690 = ORIENTED_EDGE('',*,*,#3668,.T.);
#3691 = ORIENTED_EDGE('',*,*,#1645,.F.);
#3692 = PLANE('',#3693);
#3693 = AXIS2_PLACEMENT_3D('',#3694,#3695,#3696);
#3694 = CARTESIAN_POINT('',(-0.890299720599,-8.,10.65));
#3695 = DIRECTION('',(-0.,1.,0.));
#3696 = DIRECTION('',(0.,0.,1.));
#3697 = ADVANCED_FACE('',(#3698),#3709,.F.);
#3698 = FACE_BOUND('',#3699,.F.);
#3699 = EDGE_LOOP('',(#3700,#3701,#3707,#3708));
#3700 = ORIENTED_EDGE('',*,*,#3273,.F.);
#3701 = ORIENTED_EDGE('',*,*,#3702,.T.);
#3702 = EDGE_CURVE('',#3274,#3330,#3703,.T.);
#3703 = LINE('',#3704,#3705);
#3704 = CARTESIAN_POINT('',(-0.890299720599,-51.,10.65));
#3705 = VECTOR('',#3706,1.);
#3706 = DIRECTION('',(0.,0.,1.));
#3707 = ORIENTED_EDGE('',*,*,#3329,.T.);
#3708 = ORIENTED_EDGE('',*,*,#1615,.F.);
#3709 = PLANE('',#3710);
#3710 = AXIS2_PLACEMENT_3D('',#3711,#3712,#3713);
#3711 = CARTESIAN_POINT('',(-0.890299720599,-51.,10.65));
#3712 = DIRECTION('',(-0.,1.,0.));
#3713 = DIRECTION('',(0.,0.,1.));
#3714 = ADVANCED_FACE('',(#3715),#3727,.T.);
#3715 = FACE_BOUND('',#3716,.T.);
#3716 = EDGE_LOOP('',(#3717,#3718,#3719,#3720,#3721,#3722,#3723,#3724,
    #3725,#3726));
#3717 = ORIENTED_EDGE('',*,*,#1804,.F.);
#3718 = ORIENTED_EDGE('',*,*,#1835,.F.);
#3719 = ORIENTED_EDGE('',*,*,#1859,.F.);
#3720 = ORIENTED_EDGE('',*,*,#1883,.F.);
#3721 = ORIENTED_EDGE('',*,*,#1907,.F.);
#3722 = ORIENTED_EDGE('',*,*,#1931,.F.);
#3723 = ORIENTED_EDGE('',*,*,#1955,.F.);
#3724 = ORIENTED_EDGE('',*,*,#1979,.F.);
#3725 = ORIENTED_EDGE('',*,*,#2003,.F.);
#3726 = ORIENTED_EDGE('',*,*,#2027,.F.);
#3727 = PLANE('',#3728);
#3728 = AXIS2_PLACEMENT_3D('',#3729,#3730,#3731);
#3729 = CARTESIAN_POINT('',(38.921374142748,-33.29413086348,
    5.815587694487));
#3730 = DIRECTION('',(1.,0.,-2.22044604925E-16));
#3731 = DIRECTION('',(-2.22044604925E-16,1.,0.));
#3732 = ADVANCED_FACE('',(#3733),#3745,.T.);
#3733 = FACE_BOUND('',#3734,.T.);
#3734 = EDGE_LOOP('',(#3735,#3736,#3737,#3738,#3739,#3740,#3741,#3742,
    #3743,#3744));
#3735 = ORIENTED_EDGE('',*,*,#2044,.F.);
#3736 = ORIENTED_EDGE('',*,*,#2075,.F.);
#3737 = ORIENTED_EDGE('',*,*,#2099,.F.);
#3738 = ORIENTED_EDGE('',*,*,#2123,.F.);
#3739 = ORIENTED_EDGE('',*,*,#2147,.F.);
#3740 = ORIENTED_EDGE('',*,*,#2171,.F.);
#3741 = ORIENTED_EDGE('',*,*,#2195,.F.);
#3742 = ORIENTED_EDGE('',*,*,#2219,.F.);
#3743 = ORIENTED_EDGE('',*,*,#2243,.F.);
#3744 = ORIENTED_EDGE('',*,*,#2267,.F.);
#3745 = PLANE('',#3746);
#3746 = AXIS2_PLACEMENT_3D('',#3747,#3748,#3749);
#3747 = CARTESIAN_POINT('',(38.921374142748,-34.52915993325,
    5.815587694487));
#3748 = DIRECTION('',(1.,0.,-2.22044604925E-16));
#3749 = DIRECTION('',(-2.22044604925E-16,1.,0.));
#3750 = ADVANCED_FACE('',(#3751,#3764),#3838,.T.);
#3751 = FACE_BOUND('',#3752,.T.);
#3752 = EDGE_LOOP('',(#3753,#3754,#3755,#3756,#3757,#3758,#3759,#3760,
    #3761,#3762,#3763));
#3753 = ORIENTED_EDGE('',*,*,#2284,.F.);
#3754 = ORIENTED_EDGE('',*,*,#2317,.F.);
#3755 = ORIENTED_EDGE('',*,*,#2343,.F.);
#3756 = ORIENTED_EDGE('',*,*,#2369,.F.);
#3757 = ORIENTED_EDGE('',*,*,#2395,.F.);
#3758 = ORIENTED_EDGE('',*,*,#2421,.F.);
#3759 = ORIENTED_EDGE('',*,*,#2447,.F.);
#3760 = ORIENTED_EDGE('',*,*,#2473,.F.);
#3761 = ORIENTED_EDGE('',*,*,#2499,.F.);
#3762 = ORIENTED_EDGE('',*,*,#2525,.F.);
#3763 = ORIENTED_EDGE('',*,*,#2551,.F.);
#3764 = FACE_BOUND('',#3765,.T.);
#3765 = EDGE_LOOP('',(#3766,#3776,#3784,#3792,#3800,#3808,#3816,#3824,
    #3832));
#3766 = ORIENTED_EDGE('',*,*,#3767,.F.);
#3767 = EDGE_CURVE('',#3768,#3770,#3772,.T.);
#3768 = VERTEX_POINT('',#3769);
#3769 = CARTESIAN_POINT('',(38.921374142748,-36.32737505877,
    5.628199945494));
#3770 = VERTEX_POINT('',#3771);
#3771 = CARTESIAN_POINT('',(38.921374142748,-36.18662969176,
    5.214986827762));
#3772 = B_SPLINE_CURVE_WITH_KNOTS('',2,(#3773,#3774,#3775),
  .UNSPECIFIED.,.F.,.F.,(3,3),(0.,1.),.PIECEWISE_BEZIER_KNOTS.);
#3773 = CARTESIAN_POINT('',(38.921374142748,-36.32737505877,
    5.628199945494));
#3774 = CARTESIAN_POINT('',(38.921374142748,-36.32737505877,
    5.365940679506));
#3775 = CARTESIAN_POINT('',(38.921374142748,-36.18662969176,
    5.214986827762));
#3776 = ORIENTED_EDGE('',*,*,#3777,.F.);
#3777 = EDGE_CURVE('',#3778,#3768,#3780,.T.);
#3778 = VERTEX_POINT('',#3779);
#3779 = CARTESIAN_POINT('',(38.921374142748,-36.18070218449,
    6.095814407703));
#3780 = B_SPLINE_CURVE_WITH_KNOTS('',2,(#3781,#3782,#3783),
  .UNSPECIFIED.,.F.,.F.,(3,3),(0.,1.),.PIECEWISE_BEZIER_KNOTS.);
#3781 = CARTESIAN_POINT('',(38.921374142748,-36.18070218449,
    6.095814407703));
#3782 = CARTESIAN_POINT('',(38.921374142748,-36.32737505877,
    5.955793513808));
#3783 = CARTESIAN_POINT('',(38.921374142748,-36.32737505877,
    5.628199945494));
#3784 = ORIENTED_EDGE('',*,*,#3785,.F.);
#3785 = EDGE_CURVE('',#3786,#3778,#3788,.T.);
#3786 = VERTEX_POINT('',#3787);
#3787 = CARTESIAN_POINT('',(38.921374142748,-35.83045236618,
    6.235901162791));
#3788 = B_SPLINE_CURVE_WITH_KNOTS('',2,(#3789,#3790,#3791),
  .UNSPECIFIED.,.F.,.F.,(3,3),(0.,1.),.PIECEWISE_BEZIER_KNOTS.);
#3789 = CARTESIAN_POINT('',(38.921374142748,-35.83045236618,
    6.235901162791));
#3790 = CARTESIAN_POINT('',(38.921374142748,-36.03396344903,
    6.235901162791));
#3791 = CARTESIAN_POINT('',(38.921374142748,-36.18070218449,
    6.095814407703));
#3792 = ORIENTED_EDGE('',*,*,#3793,.F.);
#3793 = EDGE_CURVE('',#3794,#3786,#3796,.T.);
#3794 = VERTEX_POINT('',#3795);
#3795 = CARTESIAN_POINT('',(38.921374142748,-35.5721447717,
    6.163124545785));
#3796 = B_SPLINE_CURVE_WITH_KNOTS('',2,(#3797,#3798,#3799),
  .UNSPECIFIED.,.F.,.F.,(3,3),(0.,1.),.PIECEWISE_BEZIER_KNOTS.);
#3797 = CARTESIAN_POINT('',(38.921374142748,-35.5721447717,
    6.163124545785));
#3798 = CARTESIAN_POINT('',(38.921374142748,-35.68720427388,
    6.235901162791));
#3799 = CARTESIAN_POINT('',(38.921374142748,-35.83045236618,
    6.235901162791));
#3800 = ORIENTED_EDGE('',*,*,#3801,.F.);
#3801 = EDGE_CURVE('',#3802,#3794,#3804,.T.);
#3802 = VERTEX_POINT('',#3803);
#3803 = CARTESIAN_POINT('',(38.921374142748,-35.39728330731,
    5.958296239099));
#3804 = B_SPLINE_CURVE_WITH_KNOTS('',2,(#3805,#3806,#3807),
  .UNSPECIFIED.,.F.,.F.,(3,3),(0.,1.),.PIECEWISE_BEZIER_KNOTS.);
#3805 = CARTESIAN_POINT('',(38.921374142748,-35.39728330731,
    5.958296239099));
#3806 = CARTESIAN_POINT('',(38.921374142748,-35.45701940833,
    6.090413789971));
#3807 = CARTESIAN_POINT('',(38.921374142748,-35.5721447717,
    6.163124545785));
#3808 = ORIENTED_EDGE('',*,*,#3809,.F.);
#3809 = EDGE_CURVE('',#3810,#3802,#3812,.T.);
#3810 = VERTEX_POINT('',#3811);
#3811 = CARTESIAN_POINT('',(38.921374142748,-35.3374813451,
    5.649012082122));
#3812 = B_SPLINE_CURVE_WITH_KNOTS('',2,(#3813,#3814,#3815),
  .UNSPECIFIED.,.F.,.F.,(3,3),(0.,1.),.PIECEWISE_BEZIER_KNOTS.);
#3813 = CARTESIAN_POINT('',(38.921374142748,-35.3374813451,
    5.649012082122));
#3814 = CARTESIAN_POINT('',(38.921374142748,-35.3374813451,
    5.826178688227));
#3815 = CARTESIAN_POINT('',(38.921374142748,-35.39728330731,
    5.958296239099));
#3816 = ORIENTED_EDGE('',*,*,#3817,.F.);
#3817 = EDGE_CURVE('',#3818,#3810,#3820,.T.);
#3818 = VERTEX_POINT('',#3819);
#3819 = CARTESIAN_POINT('',(38.921374142748,-35.47730465542,
    5.216501635174));
#3820 = B_SPLINE_CURVE_WITH_KNOTS('',2,(#3821,#3822,#3823),
  .UNSPECIFIED.,.F.,.F.,(3,3),(0.,1.),.PIECEWISE_BEZIER_KNOTS.);
#3821 = CARTESIAN_POINT('',(38.921374142748,-35.47730465542,
    5.216501635174));
#3822 = CARTESIAN_POINT('',(38.921374142748,-35.3374813451,5.36890443314
    ));
#3823 = CARTESIAN_POINT('',(38.921374142748,-35.3374813451,
    5.649012082122));
#3824 = ORIENTED_EDGE('',*,*,#3825,.F.);
#3825 = EDGE_CURVE('',#3826,#3818,#3828,.T.);
#3826 = VERTEX_POINT('',#3827);
#3827 = CARTESIAN_POINT('',(38.921374142748,-35.83341611981,
    5.064098837209));
#3828 = B_SPLINE_CURVE_WITH_KNOTS('',2,(#3829,#3830,#3831),
  .UNSPECIFIED.,.F.,.F.,(3,3),(0.,1.),.PIECEWISE_BEZIER_KNOTS.);
#3829 = CARTESIAN_POINT('',(38.921374142748,-35.83341611981,
    5.064098837209));
#3830 = CARTESIAN_POINT('',(38.921374142748,-35.61706210455,
    5.064098837209));
#3831 = CARTESIAN_POINT('',(38.921374142748,-35.47730465542,
    5.216501635174));
#3832 = ORIENTED_EDGE('',*,*,#3833,.F.);
#3833 = EDGE_CURVE('',#3770,#3826,#3834,.T.);
#3834 = B_SPLINE_CURVE_WITH_KNOTS('',2,(#3835,#3836,#3837),
  .UNSPECIFIED.,.F.,.F.,(3,3),(0.,1.),.PIECEWISE_BEZIER_KNOTS.);
#3835 = CARTESIAN_POINT('',(38.921374142748,-36.18662969176,
    5.214986827762));
#3836 = CARTESIAN_POINT('',(38.921374142748,-36.04581846356,
    5.064098837209));
#3837 = CARTESIAN_POINT('',(38.921374142748,-35.83341611981,
    5.064098837209));
#3838 = PLANE('',#3839);
#3839 = AXIS2_PLACEMENT_3D('',#3840,#3841,#3842);
#3840 = CARTESIAN_POINT('',(38.921374142748,-35.83158029189,
    5.649884265275));
#3841 = DIRECTION('',(1.,0.,-2.22044604925E-16));
#3842 = DIRECTION('',(-2.22044604925E-16,1.,0.));
#3843 = ADVANCED_FACE('',(#3844),#3856,.T.);
#3844 = FACE_BOUND('',#3845,.T.);
#3845 = EDGE_LOOP('',(#3846,#3847,#3848,#3849,#3850,#3851,#3852,#3853,
    #3854,#3855));
#3846 = ORIENTED_EDGE('',*,*,#2570,.F.);
#3847 = ORIENTED_EDGE('',*,*,#2601,.F.);
#3848 = ORIENTED_EDGE('',*,*,#2625,.F.);
#3849 = ORIENTED_EDGE('',*,*,#2649,.F.);
#3850 = ORIENTED_EDGE('',*,*,#2673,.F.);
#3851 = ORIENTED_EDGE('',*,*,#2697,.F.);
#3852 = ORIENTED_EDGE('',*,*,#2721,.F.);
#3853 = ORIENTED_EDGE('',*,*,#2745,.F.);
#3854 = ORIENTED_EDGE('',*,*,#2769,.F.);
#3855 = ORIENTED_EDGE('',*,*,#2793,.F.);
#3856 = PLANE('',#3857);
#3857 = AXIS2_PLACEMENT_3D('',#3858,#3859,#3860);
#3858 = CARTESIAN_POINT('',(38.921374142748,-39.042601485,5.65));
#3859 = DIRECTION('',(1.,0.,-2.22044604925E-16));
#3860 = DIRECTION('',(-2.22044604925E-16,1.,0.));
#3861 = ADVANCED_FACE('',(#3862,#3875),#3949,.T.);
#3862 = FACE_BOUND('',#3863,.T.);
#3863 = EDGE_LOOP('',(#3864,#3865,#3866,#3867,#3868,#3869,#3870,#3871,
    #3872,#3873,#3874));
#3864 = ORIENTED_EDGE('',*,*,#2810,.F.);
#3865 = ORIENTED_EDGE('',*,*,#2843,.F.);
#3866 = ORIENTED_EDGE('',*,*,#2869,.F.);
#3867 = ORIENTED_EDGE('',*,*,#2895,.F.);
#3868 = ORIENTED_EDGE('',*,*,#2921,.F.);
#3869 = ORIENTED_EDGE('',*,*,#2947,.F.);
#3870 = ORIENTED_EDGE('',*,*,#2973,.F.);
#3871 = ORIENTED_EDGE('',*,*,#2999,.F.);
#3872 = ORIENTED_EDGE('',*,*,#3025,.F.);
#3873 = ORIENTED_EDGE('',*,*,#3051,.F.);
#3874 = ORIENTED_EDGE('',*,*,#3077,.F.);
#3875 = FACE_BOUND('',#3876,.T.);
#3876 = EDGE_LOOP('',(#3877,#3887,#3895,#3903,#3911,#3919,#3927,#3935,
    #3943));
#3877 = ORIENTED_EDGE('',*,*,#3878,.F.);
#3878 = EDGE_CURVE('',#3879,#3881,#3883,.T.);
#3879 = VERTEX_POINT('',#3880);
#3880 = CARTESIAN_POINT('',(38.921374142748,-41.04409017504,
    5.628199945494));
#3881 = VERTEX_POINT('',#3882);
#3882 = CARTESIAN_POINT('',(38.921374142748,-40.90334480804,
    5.214986827762));
#3883 = B_SPLINE_CURVE_WITH_KNOTS('',2,(#3884,#3885,#3886),
  .UNSPECIFIED.,.F.,.F.,(3,3),(0.,1.),.PIECEWISE_BEZIER_KNOTS.);
#3884 = CARTESIAN_POINT('',(38.921374142748,-41.04409017504,
    5.628199945494));
#3885 = CARTESIAN_POINT('',(38.921374142748,-41.04409017504,
    5.365940679506));
#3886 = CARTESIAN_POINT('',(38.921374142748,-40.90334480804,
    5.214986827762));
#3887 = ORIENTED_EDGE('',*,*,#3888,.F.);
#3888 = EDGE_CURVE('',#3889,#3879,#3891,.T.);
#3889 = VERTEX_POINT('',#3890);
#3890 = CARTESIAN_POINT('',(38.921374142748,-40.89741730077,
    6.095814407703));
#3891 = B_SPLINE_CURVE_WITH_KNOTS('',2,(#3892,#3893,#3894),
  .UNSPECIFIED.,.F.,.F.,(3,3),(0.,1.),.PIECEWISE_BEZIER_KNOTS.);
#3892 = CARTESIAN_POINT('',(38.921374142748,-40.89741730077,
    6.095814407703));
#3893 = CARTESIAN_POINT('',(38.921374142748,-41.04409017504,
    5.955793513808));
#3894 = CARTESIAN_POINT('',(38.921374142748,-41.04409017504,
    5.628199945494));
#3895 = ORIENTED_EDGE('',*,*,#3896,.F.);
#3896 = EDGE_CURVE('',#3897,#3889,#3899,.T.);
#3897 = VERTEX_POINT('',#3898);
#3898 = CARTESIAN_POINT('',(38.921374142748,-40.54716748246,
    6.235901162791));
#3899 = B_SPLINE_CURVE_WITH_KNOTS('',2,(#3900,#3901,#3902),
  .UNSPECIFIED.,.F.,.F.,(3,3),(0.,1.),.PIECEWISE_BEZIER_KNOTS.);
#3900 = CARTESIAN_POINT('',(38.921374142748,-40.54716748246,
    6.235901162791));
#3901 = CARTESIAN_POINT('',(38.921374142748,-40.75067856531,
    6.235901162791));
#3902 = CARTESIAN_POINT('',(38.921374142748,-40.89741730077,
    6.095814407703));
#3903 = ORIENTED_EDGE('',*,*,#3904,.F.);
#3904 = EDGE_CURVE('',#3905,#3897,#3907,.T.);
#3905 = VERTEX_POINT('',#3906);
#3906 = CARTESIAN_POINT('',(38.921374142748,-40.28885988798,
    6.163124545785));
#3907 = B_SPLINE_CURVE_WITH_KNOTS('',2,(#3908,#3909,#3910),
  .UNSPECIFIED.,.F.,.F.,(3,3),(0.,1.),.PIECEWISE_BEZIER_KNOTS.);
#3908 = CARTESIAN_POINT('',(38.921374142748,-40.28885988798,
    6.163124545785));
#3909 = CARTESIAN_POINT('',(38.921374142748,-40.40391939016,
    6.235901162791));
#3910 = CARTESIAN_POINT('',(38.921374142748,-40.54716748246,
    6.235901162791));
#3911 = ORIENTED_EDGE('',*,*,#3912,.F.);
#3912 = EDGE_CURVE('',#3913,#3905,#3915,.T.);
#3913 = VERTEX_POINT('',#3914);
#3914 = CARTESIAN_POINT('',(38.921374142748,-40.11399842359,
    5.958296239099));
#3915 = B_SPLINE_CURVE_WITH_KNOTS('',2,(#3916,#3917,#3918),
  .UNSPECIFIED.,.F.,.F.,(3,3),(0.,1.),.PIECEWISE_BEZIER_KNOTS.);
#3916 = CARTESIAN_POINT('',(38.921374142748,-40.11399842359,
    5.958296239099));
#3917 = CARTESIAN_POINT('',(38.921374142748,-40.17373452461,
    6.090413789971));
#3918 = CARTESIAN_POINT('',(38.921374142748,-40.28885988798,
    6.163124545785));
#3919 = ORIENTED_EDGE('',*,*,#3920,.F.);
#3920 = EDGE_CURVE('',#3921,#3913,#3923,.T.);
#3921 = VERTEX_POINT('',#3922);
#3922 = CARTESIAN_POINT('',(38.921374142748,-40.05419646138,
    5.649012082122));
#3923 = B_SPLINE_CURVE_WITH_KNOTS('',2,(#3924,#3925,#3926),
  .UNSPECIFIED.,.F.,.F.,(3,3),(0.,1.),.PIECEWISE_BEZIER_KNOTS.);
#3924 = CARTESIAN_POINT('',(38.921374142748,-40.05419646138,
    5.649012082122));
#3925 = CARTESIAN_POINT('',(38.921374142748,-40.05419646138,
    5.826178688227));
#3926 = CARTESIAN_POINT('',(38.921374142748,-40.11399842359,
    5.958296239099));
#3927 = ORIENTED_EDGE('',*,*,#3928,.F.);
#3928 = EDGE_CURVE('',#3929,#3921,#3931,.T.);
#3929 = VERTEX_POINT('',#3930);
#3930 = CARTESIAN_POINT('',(38.921374142748,-40.1940197717,
    5.216501635174));
#3931 = B_SPLINE_CURVE_WITH_KNOTS('',2,(#3932,#3933,#3934),
  .UNSPECIFIED.,.F.,.F.,(3,3),(0.,1.),.PIECEWISE_BEZIER_KNOTS.);
#3932 = CARTESIAN_POINT('',(38.921374142748,-40.1940197717,
    5.216501635174));
#3933 = CARTESIAN_POINT('',(38.921374142748,-40.05419646138,
    5.36890443314));
#3934 = CARTESIAN_POINT('',(38.921374142748,-40.05419646138,
    5.649012082122));
#3935 = ORIENTED_EDGE('',*,*,#3936,.F.);
#3936 = EDGE_CURVE('',#3937,#3929,#3939,.T.);
#3937 = VERTEX_POINT('',#3938);
#3938 = CARTESIAN_POINT('',(38.921374142748,-40.55013123609,
    5.064098837209));
#3939 = B_SPLINE_CURVE_WITH_KNOTS('',2,(#3940,#3941,#3942),
  .UNSPECIFIED.,.F.,.F.,(3,3),(0.,1.),.PIECEWISE_BEZIER_KNOTS.);
#3940 = CARTESIAN_POINT('',(38.921374142748,-40.55013123609,
    5.064098837209));
#3941 = CARTESIAN_POINT('',(38.921374142748,-40.33377722083,
    5.064098837209));
#3942 = CARTESIAN_POINT('',(38.921374142748,-40.1940197717,
    5.216501635174));
#3943 = ORIENTED_EDGE('',*,*,#3944,.F.);
#3944 = EDGE_CURVE('',#3881,#3937,#3945,.T.);
#3945 = B_SPLINE_CURVE_WITH_KNOTS('',2,(#3946,#3947,#3948),
  .UNSPECIFIED.,.F.,.F.,(3,3),(0.,1.),.PIECEWISE_BEZIER_KNOTS.);
#3946 = CARTESIAN_POINT('',(38.921374142748,-40.90334480804,
    5.214986827762));
#3947 = CARTESIAN_POINT('',(38.921374142748,-40.76253357984,
    5.064098837209));
#3948 = CARTESIAN_POINT('',(38.921374142748,-40.55013123609,
    5.064098837209));
#3949 = PLANE('',#3950);
#3950 = AXIS2_PLACEMENT_3D('',#3951,#3952,#3953);
#3951 = CARTESIAN_POINT('',(38.921374142748,-40.54829540817,
    5.649884265275));
#3952 = DIRECTION('',(1.,0.,-2.22044604925E-16));
#3953 = DIRECTION('',(-2.22044604925E-16,1.,0.));
#3954 = ADVANCED_FACE('',(#3955),#3962,.F.);
#3955 = FACE_BOUND('',#3956,.F.);
#3956 = EDGE_LOOP('',(#3957,#3958,#3959,#3960,#3961));
#3957 = ORIENTED_EDGE('',*,*,#3474,.F.);
#3958 = ORIENTED_EDGE('',*,*,#3449,.F.);
#3959 = ORIENTED_EDGE('',*,*,#3423,.T.);
#3960 = ORIENTED_EDGE('',*,*,#3113,.F.);
#3961 = ORIENTED_EDGE('',*,*,#3569,.T.);
#3962 = PLANE('',#3963);
#3963 = AXIS2_PLACEMENT_3D('',#3964,#3965,#3966);
#3964 = CARTESIAN_POINT('',(38.101374142748,-57.,10.65));
#3965 = DIRECTION('',(1.,0.,-0.));
#3966 = DIRECTION('',(0.,0.,1.));
#3967 = ADVANCED_FACE('',(#3968),#3974,.T.);
#3968 = FACE_BOUND('',#3969,.T.);
#3969 = EDGE_LOOP('',(#3970,#3971,#3972,#3973));
#3970 = ORIENTED_EDGE('',*,*,#3306,.F.);
#3971 = ORIENTED_EDGE('',*,*,#3281,.T.);
#3972 = ORIENTED_EDGE('',*,*,#3702,.T.);
#3973 = ORIENTED_EDGE('',*,*,#3337,.F.);
#3974 = PLANE('',#3975);
#3975 = AXIS2_PLACEMENT_3D('',#3976,#3977,#3978);
#3976 = CARTESIAN_POINT('',(-0.890299720599,-57.,10.65));
#3977 = DIRECTION('',(1.,0.,-0.));
#3978 = DIRECTION('',(0.,0.,1.));
#3979 = ADVANCED_FACE('',(#3980),#3999,.T.);
#3980 = FACE_BOUND('',#3981,.T.);
#3981 = EDGE_LOOP('',(#3982,#3991,#3997,#3998));
#3982 = ORIENTED_EDGE('',*,*,#3983,.F.);
#3983 = EDGE_CURVE('',#3984,#3984,#3986,.T.);
#3984 = VERTEX_POINT('',#3985);
#3985 = CARTESIAN_POINT('',(4.767,-56.3881,4.1));
#3986 = CIRCLE('',#3987,2.1);
#3987 = AXIS2_PLACEMENT_3D('',#3988,#3989,#3990);
#3988 = CARTESIAN_POINT('',(2.667,-56.3881,4.1));
#3989 = DIRECTION('',(0.,0.,1.));
#3990 = DIRECTION('',(1.,0.,-0.));
#3991 = ORIENTED_EDGE('',*,*,#3992,.F.);
#3992 = EDGE_CURVE('',#3365,#3984,#3993,.T.);
#3993 = LINE('',#3994,#3995);
#3994 = CARTESIAN_POINT('',(4.767,-56.3881,2.));
#3995 = VECTOR('',#3996,1.);
#3996 = DIRECTION('',(0.,0.,1.));
#3997 = ORIENTED_EDGE('',*,*,#3364,.T.);
#3998 = ORIENTED_EDGE('',*,*,#3992,.T.);
#3999 = CYLINDRICAL_SURFACE('',#4000,2.1);
#4000 = AXIS2_PLACEMENT_3D('',#4001,#4002,#4003);
#4001 = CARTESIAN_POINT('',(2.667,-56.3881,2.));
#4002 = DIRECTION('',(0.,0.,1.));
#4003 = DIRECTION('',(1.,0.,-0.));
#4004 = ADVANCED_FACE('',(#4005),#4024,.T.);
#4005 = FACE_BOUND('',#4006,.T.);
#4006 = EDGE_LOOP('',(#4007,#4016,#4022,#4023));
#4007 = ORIENTED_EDGE('',*,*,#4008,.F.);
#4008 = EDGE_CURVE('',#4009,#4009,#4011,.T.);
#4009 = VERTEX_POINT('',#4010);
#4010 = CARTESIAN_POINT('',(36.6441,-56.3881,4.1));
#4011 = CIRCLE('',#4012,2.1);
#4012 = AXIS2_PLACEMENT_3D('',#4013,#4014,#4015);
#4013 = CARTESIAN_POINT('',(34.5441,-56.3881,4.1));
#4014 = DIRECTION('',(0.,0.,1.));
#4015 = DIRECTION('',(1.,0.,-0.));
#4016 = ORIENTED_EDGE('',*,*,#4017,.F.);
#4017 = EDGE_CURVE('',#3376,#4009,#4018,.T.);
#4018 = LINE('',#4019,#4020);
#4019 = CARTESIAN_POINT('',(36.6441,-56.3881,2.));
#4020 = VECTOR('',#4021,1.);
#4021 = DIRECTION('',(0.,0.,1.));
#4022 = ORIENTED_EDGE('',*,*,#3375,.T.);
#4023 = ORIENTED_EDGE('',*,*,#4017,.T.);
#4024 = CYLINDRICAL_SURFACE('',#4025,2.1);
#4025 = AXIS2_PLACEMENT_3D('',#4026,#4027,#4028);
#4026 = CARTESIAN_POINT('',(34.5441,-56.3881,2.));
#4027 = DIRECTION('',(0.,0.,1.));
#4028 = DIRECTION('',(1.,0.,-0.));
#4029 = ADVANCED_FACE('',(#4030),#4049,.T.);
#4030 = FACE_BOUND('',#4031,.T.);
#4031 = EDGE_LOOP('',(#4032,#4041,#4047,#4048));
#4032 = ORIENTED_EDGE('',*,*,#4033,.F.);
#4033 = EDGE_CURVE('',#4034,#4034,#4036,.T.);
#4034 = VERTEX_POINT('',#4035);
#4035 = CARTESIAN_POINT('',(4.767,-2.667,4.1));
#4036 = CIRCLE('',#4037,2.1);
#4037 = AXIS2_PLACEMENT_3D('',#4038,#4039,#4040);
#4038 = CARTESIAN_POINT('',(2.667,-2.667,4.1));
#4039 = DIRECTION('',(0.,0.,1.));
#4040 = DIRECTION('',(1.,0.,-0.));
#4041 = ORIENTED_EDGE('',*,*,#4042,.F.);
#4042 = EDGE_CURVE('',#3387,#4034,#4043,.T.);
#4043 = LINE('',#4044,#4045);
#4044 = CARTESIAN_POINT('',(4.767,-2.667,2.));
#4045 = VECTOR('',#4046,1.);
#4046 = DIRECTION('',(0.,0.,1.));
#4047 = ORIENTED_EDGE('',*,*,#3386,.T.);
#4048 = ORIENTED_EDGE('',*,*,#4042,.T.);
#4049 = CYLINDRICAL_SURFACE('',#4050,2.1);
#4050 = AXIS2_PLACEMENT_3D('',#4051,#4052,#4053);
#4051 = CARTESIAN_POINT('',(2.667,-2.667,2.));
#4052 = DIRECTION('',(0.,0.,1.));
#4053 = DIRECTION('',(1.,0.,-0.));
#4054 = ADVANCED_FACE('',(#4055),#4074,.T.);
#4055 = FACE_BOUND('',#4056,.T.);
#4056 = EDGE_LOOP('',(#4057,#4066,#4072,#4073));
#4057 = ORIENTED_EDGE('',*,*,#4058,.F.);
#4058 = EDGE_CURVE('',#4059,#4059,#4061,.T.);
#4059 = VERTEX_POINT('',#4060);
#4060 = CARTESIAN_POINT('',(36.6441,-2.667,4.1));
#4061 = CIRCLE('',#4062,2.1);
#4062 = AXIS2_PLACEMENT_3D('',#4063,#4064,#4065);
#4063 = CARTESIAN_POINT('',(34.5441,-2.667,4.1));
#4064 = DIRECTION('',(0.,0.,1.));
#4065 = DIRECTION('',(1.,0.,-0.));
#4066 = ORIENTED_EDGE('',*,*,#4067,.F.);
#4067 = EDGE_CURVE('',#3398,#4059,#4068,.T.);
#4068 = LINE('',#4069,#4070);
#4069 = CARTESIAN_POINT('',(36.6441,-2.667,2.));
#4070 = VECTOR('',#4071,1.);
#4071 = DIRECTION('',(0.,0.,1.));
#4072 = ORIENTED_EDGE('',*,*,#3397,.T.);
#4073 = ORIENTED_EDGE('',*,*,#4067,.T.);
#4074 = CYLINDRICAL_SURFACE('',#4075,2.1);
#4075 = AXIS2_PLACEMENT_3D('',#4076,#4077,#4078);
#4076 = CARTESIAN_POINT('',(34.5441,-2.667,2.));
#4077 = DIRECTION('',(0.,0.,1.));
#4078 = DIRECTION('',(1.,0.,-0.));
#4079 = ADVANCED_FACE('',(#4080),#4086,.F.);
#4080 = FACE_BOUND('',#4081,.F.);
#4081 = EDGE_LOOP('',(#4082,#4083,#4084,#4085));
#4082 = ORIENTED_EDGE('',*,*,#3530,.F.);
#4083 = ORIENTED_EDGE('',*,*,#3555,.T.);
#4084 = ORIENTED_EDGE('',*,*,#3589,.T.);
#4085 = ORIENTED_EDGE('',*,*,#3506,.F.);
#4086 = PLANE('',#4087);
#4087 = AXIS2_PLACEMENT_3D('',#4088,#4089,#4090);
#4088 = CARTESIAN_POINT('',(38.101374142748,-8.,10.65));
#4089 = DIRECTION('',(1.,0.,-0.));
#4090 = DIRECTION('',(0.,0.,1.));
#4091 = ADVANCED_FACE('',(#4092),#4098,.T.);
#4092 = FACE_BOUND('',#4093,.T.);
#4093 = EDGE_LOOP('',(#4094,#4095,#4096,#4097));
#4094 = ORIENTED_EDGE('',*,*,#3685,.F.);
#4095 = ORIENTED_EDGE('',*,*,#3611,.T.);
#4096 = ORIENTED_EDGE('',*,*,#3636,.T.);
#4097 = ORIENTED_EDGE('',*,*,#3660,.F.);
#4098 = PLANE('',#4099);
#4099 = AXIS2_PLACEMENT_3D('',#4100,#4101,#4102);
#4100 = CARTESIAN_POINT('',(-0.890299720599,-8.,10.65));
#4101 = DIRECTION('',(1.,0.,-0.));
#4102 = DIRECTION('',(0.,0.,1.));
#4103 = ADVANCED_FACE('',(#4104),#4136,.F.);
#4104 = FACE_BOUND('',#4105,.F.);
#4105 = EDGE_LOOP('',(#4106,#4107,#4115,#4130));
#4106 = ORIENTED_EDGE('',*,*,#3767,.F.);
#4107 = ORIENTED_EDGE('',*,*,#4108,.T.);
#4108 = EDGE_CURVE('',#3768,#4109,#4111,.T.);
#4109 = VERTEX_POINT('',#4110);
#4110 = CARTESIAN_POINT('',(39.421374142748,-36.32737505877,
    5.628199945494));
#4111 = LINE('',#4112,#4113);
#4112 = CARTESIAN_POINT('',(38.921374142748,-36.32737505877,
    5.628199945494));
#4113 = VECTOR('',#4114,1.);
#4114 = DIRECTION('',(1.,0.,0.));
#4115 = ORIENTED_EDGE('',*,*,#4116,.F.);
#4116 = EDGE_CURVE('',#4117,#4109,#4119,.T.);
#4117 = VERTEX_POINT('',#4118);
#4118 = CARTESIAN_POINT('',(39.421374142748,-36.18662969176,
    5.214986827762));
#4119 = B_SPLINE_CURVE_WITH_KNOTS('',5,(#4120,#4121,#4122,#4123,#4124,
    #4125,#4126,#4127,#4128,#4129),.UNSPECIFIED.,.F.,.F.,(6,4,6),(0.,
    9.27641617821E-02,1.),.UNSPECIFIED.);
#4120 = CARTESIAN_POINT('',(39.421374142748,-36.18662969176,
    5.214986827762));
#4121 = CARTESIAN_POINT('',(39.421374142748,-36.19192001842,
    5.220660870206));
#4122 = CARTESIAN_POINT('',(39.421374142748,-36.19708733993,
    5.226434569175));
#4123 = CARTESIAN_POINT('',(39.421374142748,-36.20213110875,
    5.232307561401));
#4124 = CARTESIAN_POINT('',(39.421374142748,-36.20705085665,
    5.238279418411));
#4125 = CARTESIAN_POINT('',(39.421374142748,-36.25874472155,
    5.303716630387));
#4126 = CARTESIAN_POINT('',(39.421374142748,-36.29375302978,
    5.372504993939));
#4127 = CARTESIAN_POINT('',(39.421374142748,-36.31646470515,
    5.450216883609));
#4128 = CARTESIAN_POINT('',(39.421374142748,-36.32737505877,
    5.535839207756));
#4129 = CARTESIAN_POINT('',(39.421374142748,-36.32737505877,
    5.628199945494));
#4130 = ORIENTED_EDGE('',*,*,#4131,.F.);
#4131 = EDGE_CURVE('',#3770,#4117,#4132,.T.);
#4132 = LINE('',#4133,#4134);
#4133 = CARTESIAN_POINT('',(38.921374142748,-36.18662969176,
    5.214986827762));
#4134 = VECTOR('',#4135,1.);
#4135 = DIRECTION('',(1.,0.,0.));
#4136 = SURFACE_OF_LINEAR_EXTRUSION('',#4137,#4141);
#4137 = B_SPLINE_CURVE_WITH_KNOTS('',2,(#4138,#4139,#4140),
  .UNSPECIFIED.,.F.,.F.,(3,3),(0.,1.),.PIECEWISE_BEZIER_KNOTS.);
#4138 = CARTESIAN_POINT('',(38.921374142748,-36.32737505877,
    5.628199945494));
#4139 = CARTESIAN_POINT('',(38.921374142748,-36.32737505877,
    5.365940679506));
#4140 = CARTESIAN_POINT('',(38.921374142748,-36.18662969176,
    5.214986827762));
#4141 = VECTOR('',#4142,1.);
#4142 = DIRECTION('',(-1.,-0.,-0.));
#4143 = ADVANCED_FACE('',(#4144),#4169,.F.);
#4144 = FACE_BOUND('',#4145,.F.);
#4145 = EDGE_LOOP('',(#4146,#4147,#4155,#4168));
#4146 = ORIENTED_EDGE('',*,*,#3777,.F.);
#4147 = ORIENTED_EDGE('',*,*,#4148,.T.);
#4148 = EDGE_CURVE('',#3778,#4149,#4151,.T.);
#4149 = VERTEX_POINT('',#4150);
#4150 = CARTESIAN_POINT('',(39.421374142748,-36.18070218449,
    6.095814407703));
#4151 = LINE('',#4152,#4153);
#4152 = CARTESIAN_POINT('',(38.921374142748,-36.18070218449,
    6.095814407703));
#4153 = VECTOR('',#4154,1.);
#4154 = DIRECTION('',(1.,0.,0.));
#4155 = ORIENTED_EDGE('',*,*,#4156,.F.);
#4156 = EDGE_CURVE('',#4109,#4149,#4157,.T.);
#4157 = B_SPLINE_CURVE_WITH_KNOTS('',5,(#4158,#4159,#4160,#4161,#4162,
    #4163,#4164,#4165,#4166,#4167),.UNSPECIFIED.,.F.,.F.,(6,4,6),(0.,
    0.549783952182,1.),.UNSPECIFIED.);
#4158 = CARTESIAN_POINT('',(39.421374142748,-36.32737505877,
    5.628199945494));
#4159 = CARTESIAN_POINT('',(39.421374142748,-36.32737505877,
    5.695783425122));
#4160 = CARTESIAN_POINT('',(39.421374142748,-36.32347314039,
    5.75987741871));
#4161 = CARTESIAN_POINT('',(39.421374142748,-36.31532493657,
    5.819978666712));
#4162 = CARTESIAN_POINT('',(39.421374142748,-36.30259048272,
    5.875506283421));
#4163 = CARTESIAN_POINT('',(39.421374142748,-36.27073918192,
    5.967249612219));
#4164 = CARTESIAN_POINT('',(39.421374142748,-36.25319526056,
    6.005144122298));
#4165 = CARTESIAN_POINT('',(39.421374142748,-36.23234517127,
    6.039340775562));
#4166 = CARTESIAN_POINT('',(39.421374142748,-36.20815491117,
    6.069606730596));
#4167 = CARTESIAN_POINT('',(39.421374142748,-36.18070218449,
    6.095814407703));
#4168 = ORIENTED_EDGE('',*,*,#4108,.F.);
#4169 = SURFACE_OF_LINEAR_EXTRUSION('',#4170,#4174);
#4170 = B_SPLINE_CURVE_WITH_KNOTS('',2,(#4171,#4172,#4173),
  .UNSPECIFIED.,.F.,.F.,(3,3),(0.,1.),.PIECEWISE_BEZIER_KNOTS.);
#4171 = CARTESIAN_POINT('',(38.921374142748,-36.18070218449,
    6.095814407703));
#4172 = CARTESIAN_POINT('',(38.921374142748,-36.32737505877,
    5.955793513808));
#4173 = CARTESIAN_POINT('',(38.921374142748,-36.32737505877,
    5.628199945494));
#4174 = VECTOR('',#4175,1.);
#4175 = DIRECTION('',(-1.,-0.,-0.));
#4176 = ADVANCED_FACE('',(#4177),#4202,.F.);
#4177 = FACE_BOUND('',#4178,.F.);
#4178 = EDGE_LOOP('',(#4179,#4180,#4188,#4201));
#4179 = ORIENTED_EDGE('',*,*,#3785,.F.);
#4180 = ORIENTED_EDGE('',*,*,#4181,.T.);
#4181 = EDGE_CURVE('',#3786,#4182,#4184,.T.);
#4182 = VERTEX_POINT('',#4183);
#4183 = CARTESIAN_POINT('',(39.421374142748,-35.83045236618,
    6.235901162791));
#4184 = LINE('',#4185,#4186);
#4185 = CARTESIAN_POINT('',(38.921374142748,-35.83045236618,
    6.235901162791));
#4186 = VECTOR('',#4187,1.);
#4187 = DIRECTION('',(1.,0.,0.));
#4188 = ORIENTED_EDGE('',*,*,#4189,.F.);
#4189 = EDGE_CURVE('',#4149,#4182,#4190,.T.);
#4190 = B_SPLINE_CURVE_WITH_KNOTS('',5,(#4191,#4192,#4193,#4194,#4195,
    #4196,#4197,#4198,#4199,#4200),.UNSPECIFIED.,.F.,.F.,(6,4,6),(0.,
    0.494960146531,1.),.UNSPECIFIED.);
#4191 = CARTESIAN_POINT('',(39.421374142748,-36.18070218449,
    6.095814407703));
#4192 = CARTESIAN_POINT('',(39.421374142748,-36.15183455649,
    6.123373404454));
#4193 = CARTESIAN_POINT('',(39.421374142748,-36.12145556353,
    6.147675744833));
#4194 = CARTESIAN_POINT('',(39.421374142748,-36.08958228218,
    6.168615142424));
#4195 = CARTESIAN_POINT('',(39.421374142748,-36.05625091595,
    6.186122866688));
#4196 = CARTESIAN_POINT('',(39.421374142748,-35.98608218777,
    6.214514387672));
#4197 = CARTESIAN_POINT('',(39.421374142748,-35.94918618797,
    6.225256459693));
#4198 = CARTESIAN_POINT('',(39.421374142748,-35.91089443455,
    6.232376383828));
#4199 = CARTESIAN_POINT('',(39.421374142748,-35.87128579096,
    6.235901162791));
#4200 = CARTESIAN_POINT('',(39.421374142748,-35.83045236618,
    6.235901162791));
#4201 = ORIENTED_EDGE('',*,*,#4148,.F.);
#4202 = SURFACE_OF_LINEAR_EXTRUSION('',#4203,#4207);
#4203 = B_SPLINE_CURVE_WITH_KNOTS('',2,(#4204,#4205,#4206),
  .UNSPECIFIED.,.F.,.F.,(3,3),(0.,1.),.PIECEWISE_BEZIER_KNOTS.);
#4204 = CARTESIAN_POINT('',(38.921374142748,-35.83045236618,
    6.235901162791));
#4205 = CARTESIAN_POINT('',(38.921374142748,-36.03396344903,
    6.235901162791));
#4206 = CARTESIAN_POINT('',(38.921374142748,-36.18070218449,
    6.095814407703));
#4207 = VECTOR('',#4208,1.);
#4208 = DIRECTION('',(-1.,-0.,-0.));
#4209 = ADVANCED_FACE('',(#4210),#4233,.F.);
#4210 = FACE_BOUND('',#4211,.F.);
#4211 = EDGE_LOOP('',(#4212,#4213,#4221,#4232));
#4212 = ORIENTED_EDGE('',*,*,#3793,.F.);
#4213 = ORIENTED_EDGE('',*,*,#4214,.T.);
#4214 = EDGE_CURVE('',#3794,#4215,#4217,.T.);
#4215 = VERTEX_POINT('',#4216);
#4216 = CARTESIAN_POINT('',(39.421374142748,-35.5721447717,
    6.163124545785));
#4217 = LINE('',#4218,#4219);
#4218 = CARTESIAN_POINT('',(38.921374142748,-35.5721447717,
    6.163124545785));
#4219 = VECTOR('',#4220,1.);
#4220 = DIRECTION('',(1.,0.,0.));
#4221 = ORIENTED_EDGE('',*,*,#4222,.F.);
#4222 = EDGE_CURVE('',#4182,#4215,#4223,.T.);
#4223 = B_SPLINE_CURVE_WITH_KNOTS('',4,(#4224,#4225,#4226,#4227,#4228,
    #4229,#4230,#4231),.UNSPECIFIED.,.F.,.F.,(5,3,5),(0.,0.664273633907,
    1.),.UNSPECIFIED.);
#4224 = CARTESIAN_POINT('',(39.421374142748,-35.83045236618,
    6.235901162791));
#4225 = CARTESIAN_POINT('',(39.421374142748,-35.78305135325,
    6.235901162791));
#4226 = CARTESIAN_POINT('',(39.421374142748,-35.73755161955,
    6.230588838654));
#4227 = CARTESIAN_POINT('',(39.421374142748,-35.69406000581,
    6.219884331306));
#4228 = CARTESIAN_POINT('',(39.421374142748,-35.63171691787,
    6.195692361271));
#4229 = CARTESIAN_POINT('',(39.421374142748,-35.61131760465,
    6.186199948024));
#4230 = CARTESIAN_POINT('',(39.421374142748,-35.59145818014,
    6.175340525361));
#4231 = CARTESIAN_POINT('',(39.421374142748,-35.5721447717,
    6.163124545785));
#4232 = ORIENTED_EDGE('',*,*,#4181,.F.);
#4233 = SURFACE_OF_LINEAR_EXTRUSION('',#4234,#4238);
#4234 = B_SPLINE_CURVE_WITH_KNOTS('',2,(#4235,#4236,#4237),
  .UNSPECIFIED.,.F.,.F.,(3,3),(0.,1.),.PIECEWISE_BEZIER_KNOTS.);
#4235 = CARTESIAN_POINT('',(38.921374142748,-35.5721447717,
    6.163124545785));
#4236 = CARTESIAN_POINT('',(38.921374142748,-35.68720427388,
    6.235901162791));
#4237 = CARTESIAN_POINT('',(38.921374142748,-35.83045236618,
    6.235901162791));
#4238 = VECTOR('',#4239,1.);
#4239 = DIRECTION('',(-1.,-0.,-0.));
#4240 = ADVANCED_FACE('',(#4241),#4264,.F.);
#4241 = FACE_BOUND('',#4242,.F.);
#4242 = EDGE_LOOP('',(#4243,#4244,#4252,#4263));
#4243 = ORIENTED_EDGE('',*,*,#3801,.F.);
#4244 = ORIENTED_EDGE('',*,*,#4245,.T.);
#4245 = EDGE_CURVE('',#3802,#4246,#4248,.T.);
#4246 = VERTEX_POINT('',#4247);
#4247 = CARTESIAN_POINT('',(39.421374142748,-35.39728330731,
    5.958296239099));
#4248 = LINE('',#4249,#4250);
#4249 = CARTESIAN_POINT('',(38.921374142748,-35.39728330731,
    5.958296239099));
#4250 = VECTOR('',#4251,1.);
#4251 = DIRECTION('',(1.,0.,0.));
#4252 = ORIENTED_EDGE('',*,*,#4253,.F.);
#4253 = EDGE_CURVE('',#4215,#4246,#4254,.T.);
#4254 = B_SPLINE_CURVE_WITH_KNOTS('',4,(#4255,#4256,#4257,#4258,#4259,
    #4260,#4261,#4262),.UNSPECIFIED.,.F.,.F.,(5,3,5),(0.,0.311669692744,
    1.),.UNSPECIFIED.);
#4255 = CARTESIAN_POINT('',(39.421374142748,-35.5721447717,
    6.163124545785));
#4256 = CARTESIAN_POINT('',(39.421374142748,-35.55419952745,
    6.151790707313));
#4257 = CARTESIAN_POINT('',(39.421374142748,-35.53713719393,
    6.139485564221));
#4258 = CARTESIAN_POINT('',(39.421374142748,-35.52096809318,
    6.126210139516));
#4259 = CARTESIAN_POINT('',(39.421374142748,-35.47197476396,
    6.080520742218));
#4260 = CARTESIAN_POINT('',(39.421374142748,-35.44263782048,
    6.044366137783));
#4261 = CARTESIAN_POINT('',(39.421374142748,-35.4177533649,
    6.003569596903));
#4262 = CARTESIAN_POINT('',(39.421374142748,-35.39728330731,
    5.958296239099));
#4263 = ORIENTED_EDGE('',*,*,#4214,.F.);
#4264 = SURFACE_OF_LINEAR_EXTRUSION('',#4265,#4269);
#4265 = B_SPLINE_CURVE_WITH_KNOTS('',2,(#4266,#4267,#4268),
  .UNSPECIFIED.,.F.,.F.,(3,3),(0.,1.),.PIECEWISE_BEZIER_KNOTS.);
#4266 = CARTESIAN_POINT('',(38.921374142748,-35.39728330731,
    5.958296239099));
#4267 = CARTESIAN_POINT('',(38.921374142748,-35.45701940833,
    6.090413789971));
#4268 = CARTESIAN_POINT('',(38.921374142748,-35.5721447717,
    6.163124545785));
#4269 = VECTOR('',#4270,1.);
#4270 = DIRECTION('',(-1.,-0.,-0.));
#4271 = ADVANCED_FACE('',(#4272),#4293,.F.);
#4272 = FACE_BOUND('',#4273,.F.);
#4273 = EDGE_LOOP('',(#4274,#4275,#4283,#4292));
#4274 = ORIENTED_EDGE('',*,*,#3809,.F.);
#4275 = ORIENTED_EDGE('',*,*,#4276,.T.);
#4276 = EDGE_CURVE('',#3810,#4277,#4279,.T.);
#4277 = VERTEX_POINT('',#4278);
#4278 = CARTESIAN_POINT('',(39.421374142748,-35.3374813451,
    5.649012082122));
#4279 = LINE('',#4280,#4281);
#4280 = CARTESIAN_POINT('',(38.921374142748,-35.3374813451,
    5.649012082122));
#4281 = VECTOR('',#4282,1.);
#4282 = DIRECTION('',(1.,0.,0.));
#4283 = ORIENTED_EDGE('',*,*,#4284,.F.);
#4284 = EDGE_CURVE('',#4246,#4277,#4285,.T.);
#4285 = B_SPLINE_CURVE_WITH_KNOTS('',5,(#4286,#4287,#4288,#4289,#4290,
    #4291),.UNSPECIFIED.,.F.,.F.,(6,6),(0.,1.),
  .PIECEWISE_BEZIER_KNOTS.);
#4286 = CARTESIAN_POINT('',(39.421374142748,-35.39728330731,
    5.958296239099));
#4287 = CARTESIAN_POINT('',(39.421374142748,-35.37317638937,
    5.905038004086));
#4288 = CARTESIAN_POINT('',(39.421374142748,-35.35519600999,
    5.847321376105));
#4289 = CARTESIAN_POINT('',(39.421374142748,-35.34333141787,
    5.785280614484));
#4290 = CARTESIAN_POINT('',(39.421374142748,-35.3374813451,
    5.719103466202));
#4291 = CARTESIAN_POINT('',(39.421374142748,-35.3374813451,
    5.649012082122));
#4292 = ORIENTED_EDGE('',*,*,#4245,.F.);
#4293 = SURFACE_OF_LINEAR_EXTRUSION('',#4294,#4298);
#4294 = B_SPLINE_CURVE_WITH_KNOTS('',2,(#4295,#4296,#4297),
  .UNSPECIFIED.,.F.,.F.,(3,3),(0.,1.),.PIECEWISE_BEZIER_KNOTS.);
#4295 = CARTESIAN_POINT('',(38.921374142748,-35.3374813451,
    5.649012082122));
#4296 = CARTESIAN_POINT('',(38.921374142748,-35.3374813451,
    5.826178688227));
#4297 = CARTESIAN_POINT('',(38.921374142748,-35.39728330731,
    5.958296239099));
#4298 = VECTOR('',#4299,1.);
#4299 = DIRECTION('',(-1.,-0.,-0.));
#4300 = ADVANCED_FACE('',(#4301),#4323,.F.);
#4301 = FACE_BOUND('',#4302,.F.);
#4302 = EDGE_LOOP('',(#4303,#4304,#4312,#4322));
#4303 = ORIENTED_EDGE('',*,*,#3817,.F.);
#4304 = ORIENTED_EDGE('',*,*,#4305,.T.);
#4305 = EDGE_CURVE('',#3818,#4306,#4308,.T.);
#4306 = VERTEX_POINT('',#4307);
#4307 = CARTESIAN_POINT('',(39.421374142748,-35.47730465542,
    5.216501635174));
#4308 = LINE('',#4309,#4310);
#4309 = CARTESIAN_POINT('',(38.921374142748,-35.47730465542,
    5.216501635174));
#4310 = VECTOR('',#4311,1.);
#4311 = DIRECTION('',(1.,0.,0.));
#4312 = ORIENTED_EDGE('',*,*,#4313,.F.);
#4313 = EDGE_CURVE('',#4277,#4306,#4314,.T.);
#4314 = B_SPLINE_CURVE_WITH_KNOTS('',6,(#4315,#4316,#4317,#4318,#4319,
    #4320,#4321),.UNSPECIFIED.,.F.,.F.,(7,7),(0.,1.),
  .PIECEWISE_BEZIER_KNOTS.);
#4315 = CARTESIAN_POINT('',(39.421374142748,-35.3374813451,
    5.649012082122));
#4316 = CARTESIAN_POINT('',(39.421374142748,-35.3374813451,5.55911876393
    ));
#4317 = CARTESIAN_POINT('',(39.421374142748,-35.34612184886,
    5.475194012714));
#4318 = CARTESIAN_POINT('',(39.421374142748,-35.36409558139,
    5.398188702324));
#4319 = CARTESIAN_POINT('',(39.421374142748,-35.39191792081,
    5.328993136022));
#4320 = CARTESIAN_POINT('',(39.421374142748,-35.42977127724,
    5.268311450114));
#4321 = CARTESIAN_POINT('',(39.421374142748,-35.47730465542,
    5.216501635174));
#4322 = ORIENTED_EDGE('',*,*,#4276,.F.);
#4323 = SURFACE_OF_LINEAR_EXTRUSION('',#4324,#4328);
#4324 = B_SPLINE_CURVE_WITH_KNOTS('',2,(#4325,#4326,#4327),
  .UNSPECIFIED.,.F.,.F.,(3,3),(0.,1.),.PIECEWISE_BEZIER_KNOTS.);
#4325 = CARTESIAN_POINT('',(38.921374142748,-35.47730465542,
    5.216501635174));
#4326 = CARTESIAN_POINT('',(38.921374142748,-35.3374813451,5.36890443314
    ));
#4327 = CARTESIAN_POINT('',(38.921374142748,-35.3374813451,
    5.649012082122));
#4328 = VECTOR('',#4329,1.);
#4329 = DIRECTION('',(-1.,-0.,-0.));
#4330 = ADVANCED_FACE('',(#4331),#4356,.F.);
#4331 = FACE_BOUND('',#4332,.F.);
#4332 = EDGE_LOOP('',(#4333,#4334,#4342,#4355));
#4333 = ORIENTED_EDGE('',*,*,#3825,.F.);
#4334 = ORIENTED_EDGE('',*,*,#4335,.T.);
#4335 = EDGE_CURVE('',#3826,#4336,#4338,.T.);
#4336 = VERTEX_POINT('',#4337);
#4337 = CARTESIAN_POINT('',(39.421374142748,-35.83341611981,
    5.064098837209));
#4338 = LINE('',#4339,#4340);
#4339 = CARTESIAN_POINT('',(38.921374142748,-35.83341611981,
    5.064098837209));
#4340 = VECTOR('',#4341,1.);
#4341 = DIRECTION('',(1.,0.,0.));
#4342 = ORIENTED_EDGE('',*,*,#4343,.F.);
#4343 = EDGE_CURVE('',#4306,#4336,#4344,.T.);
#4344 = B_SPLINE_CURVE_WITH_KNOTS('',5,(#4345,#4346,#4347,#4348,#4349,
    #4350,#4351,#4352,#4353,#4354),.UNSPECIFIED.,.F.,.F.,(6,4,6),(0.,
    0.429433966935,1.),.UNSPECIFIED.);
#4345 = CARTESIAN_POINT('',(39.421374142748,-35.47730465542,
    5.216501635174));
#4346 = CARTESIAN_POINT('',(39.421374142748,-35.50119486486,
    5.190449823374));
#4347 = CARTESIAN_POINT('',(39.421374142748,-35.52659332585,
    5.16706157988));
#4348 = CARTESIAN_POINT('',(39.421374142748,-35.55349188557,
    5.146426708704));
#4349 = CARTESIAN_POINT('',(39.421374142748,-35.58186280658,
    5.128602655241));
#4350 = CARTESIAN_POINT('',(39.421374142748,-35.6512470716,
    5.093700551246));
#4351 = CARTESIAN_POINT('',(39.421374142748,-35.69335276944,
    5.078791311963));
#4352 = CARTESIAN_POINT('',(39.421374142748,-35.73786215449,
    5.068945152205));
#4353 = CARTESIAN_POINT('',(39.421374142748,-35.78461442457,
    5.064098837209));
#4354 = CARTESIAN_POINT('',(39.421374142748,-35.83341611981,
    5.064098837209));
#4355 = ORIENTED_EDGE('',*,*,#4305,.F.);
#4356 = SURFACE_OF_LINEAR_EXTRUSION('',#4357,#4361);
#4357 = B_SPLINE_CURVE_WITH_KNOTS('',2,(#4358,#4359,#4360),
  .UNSPECIFIED.,.F.,.F.,(3,3),(0.,1.),.PIECEWISE_BEZIER_KNOTS.);
#4358 = CARTESIAN_POINT('',(38.921374142748,-35.83341611981,
    5.064098837209));
#4359 = CARTESIAN_POINT('',(38.921374142748,-35.61706210455,
    5.064098837209));
#4360 = CARTESIAN_POINT('',(38.921374142748,-35.47730465542,
    5.216501635174));
#4361 = VECTOR('',#4362,1.);
#4362 = DIRECTION('',(-1.,-0.,-0.));
#4363 = ADVANCED_FACE('',(#4364),#4382,.F.);
#4364 = FACE_BOUND('',#4365,.F.);
#4365 = EDGE_LOOP('',(#4366,#4367,#4368,#4381));
#4366 = ORIENTED_EDGE('',*,*,#3833,.F.);
#4367 = ORIENTED_EDGE('',*,*,#4131,.T.);
#4368 = ORIENTED_EDGE('',*,*,#4369,.F.);
#4369 = EDGE_CURVE('',#4336,#4117,#4370,.T.);
#4370 = B_SPLINE_CURVE_WITH_KNOTS('',5,(#4371,#4372,#4373,#4374,#4375,
    #4376,#4377,#4378,#4379,#4380),.UNSPECIFIED.,.F.,.F.,(6,4,6),(0.,
    0.545358942325,1.),.UNSPECIFIED.);
#4371 = CARTESIAN_POINT('',(39.421374142748,-35.83341611981,
    5.064098837209));
#4372 = CARTESIAN_POINT('',(39.421374142748,-35.87928350576,
    5.064098837209));
#4373 = CARTESIAN_POINT('',(39.421374142748,-35.92338485172,
    5.068496510743));
#4374 = CARTESIAN_POINT('',(39.421374142748,-35.96556425867,
    5.077414842334));
#4375 = CARTESIAN_POINT('',(39.421374142748,-36.00569122071,
    5.090903432201));
#4376 = CARTESIAN_POINT('',(39.421374142748,-36.07533178172,
    5.123932890424));
#4377 = CARTESIAN_POINT('',(39.421374142748,-36.10550172999,
    5.142094329236));
#4378 = CARTESIAN_POINT('',(39.421374142748,-36.13412518247,
    5.163374872869));
#4379 = CARTESIAN_POINT('',(39.421374142748,-36.16117131194,
    5.187706590074));
#4380 = CARTESIAN_POINT('',(39.421374142748,-36.18662969176,
    5.214986827762));
#4381 = ORIENTED_EDGE('',*,*,#4335,.F.);
#4382 = SURFACE_OF_LINEAR_EXTRUSION('',#4383,#4387);
#4383 = B_SPLINE_CURVE_WITH_KNOTS('',2,(#4384,#4385,#4386),
  .UNSPECIFIED.,.F.,.F.,(3,3),(0.,1.),.PIECEWISE_BEZIER_KNOTS.);
#4384 = CARTESIAN_POINT('',(38.921374142748,-36.18662969176,
    5.214986827762));
#4385 = CARTESIAN_POINT('',(38.921374142748,-36.04581846356,
    5.064098837209));
#4386 = CARTESIAN_POINT('',(38.921374142748,-35.83341611981,
    5.064098837209));
#4387 = VECTOR('',#4388,1.);
#4388 = DIRECTION('',(-1.,-0.,-0.));
#4389 = ADVANCED_FACE('',(#4390),#4422,.F.);
#4390 = FACE_BOUND('',#4391,.F.);
#4391 = EDGE_LOOP('',(#4392,#4393,#4401,#4416));
#4392 = ORIENTED_EDGE('',*,*,#3878,.F.);
#4393 = ORIENTED_EDGE('',*,*,#4394,.T.);
#4394 = EDGE_CURVE('',#3879,#4395,#4397,.T.);
#4395 = VERTEX_POINT('',#4396);
#4396 = CARTESIAN_POINT('',(39.421374142748,-41.04409017504,
    5.628199945494));
#4397 = LINE('',#4398,#4399);
#4398 = CARTESIAN_POINT('',(38.921374142748,-41.04409017504,
    5.628199945494));
#4399 = VECTOR('',#4400,1.);
#4400 = DIRECTION('',(1.,0.,0.));
#4401 = ORIENTED_EDGE('',*,*,#4402,.F.);
#4402 = EDGE_CURVE('',#4403,#4395,#4405,.T.);
#4403 = VERTEX_POINT('',#4404);
#4404 = CARTESIAN_POINT('',(39.421374142748,-40.90334480804,
    5.214986827762));
#4405 = B_SPLINE_CURVE_WITH_KNOTS('',5,(#4406,#4407,#4408,#4409,#4410,
    #4411,#4412,#4413,#4414,#4415),.UNSPECIFIED.,.F.,.F.,(6,4,6),(0.,
    9.27641617821E-02,1.),.UNSPECIFIED.);
#4406 = CARTESIAN_POINT('',(39.421374142748,-40.90334480804,
    5.214986827762));
#4407 = CARTESIAN_POINT('',(39.421374142748,-40.9086351347,
    5.220660870206));
#4408 = CARTESIAN_POINT('',(39.421374142748,-40.91380245621,
    5.226434569175));
#4409 = CARTESIAN_POINT('',(39.421374142748,-40.91884622503,
    5.232307561401));
#4410 = CARTESIAN_POINT('',(39.421374142748,-40.92376597293,
    5.238279418411));
#4411 = CARTESIAN_POINT('',(39.421374142748,-40.97545983783,
    5.303716630387));
#4412 = CARTESIAN_POINT('',(39.421374142748,-41.01046814606,
    5.372504993939));
#4413 = CARTESIAN_POINT('',(39.421374142748,-41.03317982143,
    5.450216883609));
#4414 = CARTESIAN_POINT('',(39.421374142748,-41.04409017504,
    5.535839207756));
#4415 = CARTESIAN_POINT('',(39.421374142748,-41.04409017504,
    5.628199945494));
#4416 = ORIENTED_EDGE('',*,*,#4417,.F.);
#4417 = EDGE_CURVE('',#3881,#4403,#4418,.T.);
#4418 = LINE('',#4419,#4420);
#4419 = CARTESIAN_POINT('',(38.921374142748,-40.90334480804,
    5.214986827762));
#4420 = VECTOR('',#4421,1.);
#4421 = DIRECTION('',(1.,0.,0.));
#4422 = SURFACE_OF_LINEAR_EXTRUSION('',#4423,#4427);
#4423 = B_SPLINE_CURVE_WITH_KNOTS('',2,(#4424,#4425,#4426),
  .UNSPECIFIED.,.F.,.F.,(3,3),(0.,1.),.PIECEWISE_BEZIER_KNOTS.);
#4424 = CARTESIAN_POINT('',(38.921374142748,-41.04409017504,
    5.628199945494));
#4425 = CARTESIAN_POINT('',(38.921374142748,-41.04409017504,
    5.365940679506));
#4426 = CARTESIAN_POINT('',(38.921374142748,-40.90334480804,
    5.214986827762));
#4427 = VECTOR('',#4428,1.);
#4428 = DIRECTION('',(-1.,-0.,-0.));
#4429 = ADVANCED_FACE('',(#4430),#4455,.F.);
#4430 = FACE_BOUND('',#4431,.F.);
#4431 = EDGE_LOOP('',(#4432,#4433,#4441,#4454));
#4432 = ORIENTED_EDGE('',*,*,#3888,.F.);
#4433 = ORIENTED_EDGE('',*,*,#4434,.T.);
#4434 = EDGE_CURVE('',#3889,#4435,#4437,.T.);
#4435 = VERTEX_POINT('',#4436);
#4436 = CARTESIAN_POINT('',(39.421374142748,-40.89741730077,
    6.095814407703));
#4437 = LINE('',#4438,#4439);
#4438 = CARTESIAN_POINT('',(38.921374142748,-40.89741730077,
    6.095814407703));
#4439 = VECTOR('',#4440,1.);
#4440 = DIRECTION('',(1.,0.,0.));
#4441 = ORIENTED_EDGE('',*,*,#4442,.F.);
#4442 = EDGE_CURVE('',#4395,#4435,#4443,.T.);
#4443 = B_SPLINE_CURVE_WITH_KNOTS('',5,(#4444,#4445,#4446,#4447,#4448,
    #4449,#4450,#4451,#4452,#4453),.UNSPECIFIED.,.F.,.F.,(6,4,6),(0.,
    0.549783952182,1.),.UNSPECIFIED.);
#4444 = CARTESIAN_POINT('',(39.421374142748,-41.04409017504,
    5.628199945494));
#4445 = CARTESIAN_POINT('',(39.421374142748,-41.04409017504,
    5.695783425122));
#4446 = CARTESIAN_POINT('',(39.421374142748,-41.04018825667,
    5.75987741871));
#4447 = CARTESIAN_POINT('',(39.421374142748,-41.03204005285,
    5.819978666712));
#4448 = CARTESIAN_POINT('',(39.421374142748,-41.019305599,5.875506283421
    ));
#4449 = CARTESIAN_POINT('',(39.421374142748,-40.9874542982,
    5.967249612219));
#4450 = CARTESIAN_POINT('',(39.421374142748,-40.96991037684,
    6.005144122298));
#4451 = CARTESIAN_POINT('',(39.421374142748,-40.94906028755,
    6.039340775562));
#4452 = CARTESIAN_POINT('',(39.421374142748,-40.92487002745,
    6.069606730596));
#4453 = CARTESIAN_POINT('',(39.421374142748,-40.89741730077,
    6.095814407703));
#4454 = ORIENTED_EDGE('',*,*,#4394,.F.);
#4455 = SURFACE_OF_LINEAR_EXTRUSION('',#4456,#4460);
#4456 = B_SPLINE_CURVE_WITH_KNOTS('',2,(#4457,#4458,#4459),
  .UNSPECIFIED.,.F.,.F.,(3,3),(0.,1.),.PIECEWISE_BEZIER_KNOTS.);
#4457 = CARTESIAN_POINT('',(38.921374142748,-40.89741730077,
    6.095814407703));
#4458 = CARTESIAN_POINT('',(38.921374142748,-41.04409017504,
    5.955793513808));
#4459 = CARTESIAN_POINT('',(38.921374142748,-41.04409017504,
    5.628199945494));
#4460 = VECTOR('',#4461,1.);
#4461 = DIRECTION('',(-1.,-0.,-0.));
#4462 = ADVANCED_FACE('',(#4463),#4488,.F.);
#4463 = FACE_BOUND('',#4464,.F.);
#4464 = EDGE_LOOP('',(#4465,#4466,#4474,#4487));
#4465 = ORIENTED_EDGE('',*,*,#3896,.F.);
#4466 = ORIENTED_EDGE('',*,*,#4467,.T.);
#4467 = EDGE_CURVE('',#3897,#4468,#4470,.T.);
#4468 = VERTEX_POINT('',#4469);
#4469 = CARTESIAN_POINT('',(39.421374142748,-40.54716748246,
    6.235901162791));
#4470 = LINE('',#4471,#4472);
#4471 = CARTESIAN_POINT('',(38.921374142748,-40.54716748246,
    6.235901162791));
#4472 = VECTOR('',#4473,1.);
#4473 = DIRECTION('',(1.,0.,0.));
#4474 = ORIENTED_EDGE('',*,*,#4475,.F.);
#4475 = EDGE_CURVE('',#4435,#4468,#4476,.T.);
#4476 = B_SPLINE_CURVE_WITH_KNOTS('',5,(#4477,#4478,#4479,#4480,#4481,
    #4482,#4483,#4484,#4485,#4486),.UNSPECIFIED.,.F.,.F.,(6,4,6),(0.,
    0.494960146531,1.),.UNSPECIFIED.);
#4477 = CARTESIAN_POINT('',(39.421374142748,-40.89741730077,
    6.095814407703));
#4478 = CARTESIAN_POINT('',(39.421374142748,-40.86854967277,
    6.123373404454));
#4479 = CARTESIAN_POINT('',(39.421374142748,-40.8381706798,
    6.147675744833));
#4480 = CARTESIAN_POINT('',(39.421374142748,-40.80629739846,
    6.168615142424));
#4481 = CARTESIAN_POINT('',(39.421374142748,-40.77296603222,
    6.186122866688));
#4482 = CARTESIAN_POINT('',(39.421374142748,-40.70279730405,
    6.214514387672));
#4483 = CARTESIAN_POINT('',(39.421374142748,-40.66590130424,
    6.225256459693));
#4484 = CARTESIAN_POINT('',(39.421374142748,-40.62760955083,
    6.232376383828));
#4485 = CARTESIAN_POINT('',(39.421374142748,-40.58800090723,
    6.235901162791));
#4486 = CARTESIAN_POINT('',(39.421374142748,-40.54716748246,
    6.235901162791));
#4487 = ORIENTED_EDGE('',*,*,#4434,.F.);
#4488 = SURFACE_OF_LINEAR_EXTRUSION('',#4489,#4493);
#4489 = B_SPLINE_CURVE_WITH_KNOTS('',2,(#4490,#4491,#4492),
  .UNSPECIFIED.,.F.,.F.,(3,3),(0.,1.),.PIECEWISE_BEZIER_KNOTS.);
#4490 = CARTESIAN_POINT('',(38.921374142748,-40.54716748246,
    6.235901162791));
#4491 = CARTESIAN_POINT('',(38.921374142748,-40.75067856531,
    6.235901162791));
#4492 = CARTESIAN_POINT('',(38.921374142748,-40.89741730077,
    6.095814407703));
#4493 = VECTOR('',#4494,1.);
#4494 = DIRECTION('',(-1.,-0.,-0.));
#4495 = ADVANCED_FACE('',(#4496),#4519,.F.);
#4496 = FACE_BOUND('',#4497,.F.);
#4497 = EDGE_LOOP('',(#4498,#4499,#4507,#4518));
#4498 = ORIENTED_EDGE('',*,*,#3904,.F.);
#4499 = ORIENTED_EDGE('',*,*,#4500,.T.);
#4500 = EDGE_CURVE('',#3905,#4501,#4503,.T.);
#4501 = VERTEX_POINT('',#4502);
#4502 = CARTESIAN_POINT('',(39.421374142748,-40.28885988798,
    6.163124545785));
#4503 = LINE('',#4504,#4505);
#4504 = CARTESIAN_POINT('',(38.921374142748,-40.28885988798,
    6.163124545785));
#4505 = VECTOR('',#4506,1.);
#4506 = DIRECTION('',(1.,0.,0.));
#4507 = ORIENTED_EDGE('',*,*,#4508,.F.);
#4508 = EDGE_CURVE('',#4468,#4501,#4509,.T.);
#4509 = B_SPLINE_CURVE_WITH_KNOTS('',4,(#4510,#4511,#4512,#4513,#4514,
    #4515,#4516,#4517),.UNSPECIFIED.,.F.,.F.,(5,3,5),(0.,0.664273633907,
    1.),.UNSPECIFIED.);
#4510 = CARTESIAN_POINT('',(39.421374142748,-40.54716748246,
    6.235901162791));
#4511 = CARTESIAN_POINT('',(39.421374142748,-40.49976646953,
    6.235901162791));
#4512 = CARTESIAN_POINT('',(39.421374142748,-40.45426673583,
    6.230588838654));
#4513 = CARTESIAN_POINT('',(39.421374142748,-40.41077512209,
    6.219884331306));
#4514 = CARTESIAN_POINT('',(39.421374142748,-40.34843203415,
    6.195692361271));
#4515 = CARTESIAN_POINT('',(39.421374142748,-40.32803272093,
    6.186199948024));
#4516 = CARTESIAN_POINT('',(39.421374142748,-40.30817329641,
    6.175340525361));
#4517 = CARTESIAN_POINT('',(39.421374142748,-40.28885988798,
    6.163124545785));
#4518 = ORIENTED_EDGE('',*,*,#4467,.F.);
#4519 = SURFACE_OF_LINEAR_EXTRUSION('',#4520,#4524);
#4520 = B_SPLINE_CURVE_WITH_KNOTS('',2,(#4521,#4522,#4523),
  .UNSPECIFIED.,.F.,.F.,(3,3),(0.,1.),.PIECEWISE_BEZIER_KNOTS.);
#4521 = CARTESIAN_POINT('',(38.921374142748,-40.28885988798,
    6.163124545785));
#4522 = CARTESIAN_POINT('',(38.921374142748,-40.40391939016,
    6.235901162791));
#4523 = CARTESIAN_POINT('',(38.921374142748,-40.54716748246,
    6.235901162791));
#4524 = VECTOR('',#4525,1.);
#4525 = DIRECTION('',(-1.,-0.,-0.));
#4526 = ADVANCED_FACE('',(#4527),#4550,.F.);
#4527 = FACE_BOUND('',#4528,.F.);
#4528 = EDGE_LOOP('',(#4529,#4530,#4538,#4549));
#4529 = ORIENTED_EDGE('',*,*,#3912,.F.);
#4530 = ORIENTED_EDGE('',*,*,#4531,.T.);
#4531 = EDGE_CURVE('',#3913,#4532,#4534,.T.);
#4532 = VERTEX_POINT('',#4533);
#4533 = CARTESIAN_POINT('',(39.421374142748,-40.11399842359,
    5.958296239099));
#4534 = LINE('',#4535,#4536);
#4535 = CARTESIAN_POINT('',(38.921374142748,-40.11399842359,
    5.958296239099));
#4536 = VECTOR('',#4537,1.);
#4537 = DIRECTION('',(1.,0.,0.));
#4538 = ORIENTED_EDGE('',*,*,#4539,.F.);
#4539 = EDGE_CURVE('',#4501,#4532,#4540,.T.);
#4540 = B_SPLINE_CURVE_WITH_KNOTS('',4,(#4541,#4542,#4543,#4544,#4545,
    #4546,#4547,#4548),.UNSPECIFIED.,.F.,.F.,(5,3,5),(0.,0.311669692744,
    1.),.UNSPECIFIED.);
#4541 = CARTESIAN_POINT('',(39.421374142748,-40.28885988798,
    6.163124545785));
#4542 = CARTESIAN_POINT('',(39.421374142748,-40.27091464373,
    6.151790707313));
#4543 = CARTESIAN_POINT('',(39.421374142748,-40.2538523102,
    6.139485564221));
#4544 = CARTESIAN_POINT('',(39.421374142748,-40.23768320946,
    6.126210139516));
#4545 = CARTESIAN_POINT('',(39.421374142748,-40.18868988024,
    6.080520742218));
#4546 = CARTESIAN_POINT('',(39.421374142748,-40.15935293676,
    6.044366137783));
#4547 = CARTESIAN_POINT('',(39.421374142748,-40.13446848118,
    6.003569596903));
#4548 = CARTESIAN_POINT('',(39.421374142748,-40.11399842359,
    5.958296239099));
#4549 = ORIENTED_EDGE('',*,*,#4500,.F.);
#4550 = SURFACE_OF_LINEAR_EXTRUSION('',#4551,#4555);
#4551 = B_SPLINE_CURVE_WITH_KNOTS('',2,(#4552,#4553,#4554),
  .UNSPECIFIED.,.F.,.F.,(3,3),(0.,1.),.PIECEWISE_BEZIER_KNOTS.);
#4552 = CARTESIAN_POINT('',(38.921374142748,-40.11399842359,
    5.958296239099));
#4553 = CARTESIAN_POINT('',(38.921374142748,-40.17373452461,
    6.090413789971));
#4554 = CARTESIAN_POINT('',(38.921374142748,-40.28885988798,
    6.163124545785));
#4555 = VECTOR('',#4556,1.);
#4556 = DIRECTION('',(-1.,-0.,-0.));
#4557 = ADVANCED_FACE('',(#4558),#4579,.F.);
#4558 = FACE_BOUND('',#4559,.F.);
#4559 = EDGE_LOOP('',(#4560,#4561,#4569,#4578));
#4560 = ORIENTED_EDGE('',*,*,#3920,.F.);
#4561 = ORIENTED_EDGE('',*,*,#4562,.T.);
#4562 = EDGE_CURVE('',#3921,#4563,#4565,.T.);
#4563 = VERTEX_POINT('',#4564);
#4564 = CARTESIAN_POINT('',(39.421374142748,-40.05419646138,
    5.649012082122));
#4565 = LINE('',#4566,#4567);
#4566 = CARTESIAN_POINT('',(38.921374142748,-40.05419646138,
    5.649012082122));
#4567 = VECTOR('',#4568,1.);
#4568 = DIRECTION('',(1.,0.,0.));
#4569 = ORIENTED_EDGE('',*,*,#4570,.F.);
#4570 = EDGE_CURVE('',#4532,#4563,#4571,.T.);
#4571 = B_SPLINE_CURVE_WITH_KNOTS('',5,(#4572,#4573,#4574,#4575,#4576,
    #4577),.UNSPECIFIED.,.F.,.F.,(6,6),(0.,1.),
  .PIECEWISE_BEZIER_KNOTS.);
#4572 = CARTESIAN_POINT('',(39.421374142748,-40.11399842359,
    5.958296239099));
#4573 = CARTESIAN_POINT('',(39.421374142748,-40.08989150565,
    5.905038004086));
#4574 = CARTESIAN_POINT('',(39.421374142748,-40.07191112627,
    5.847321376105));
#4575 = CARTESIAN_POINT('',(39.421374142748,-40.06004653415,
    5.785280614484));
#4576 = CARTESIAN_POINT('',(39.421374142748,-40.05419646138,
    5.719103466202));
#4577 = CARTESIAN_POINT('',(39.421374142748,-40.05419646138,
    5.649012082122));
#4578 = ORIENTED_EDGE('',*,*,#4531,.F.);
#4579 = SURFACE_OF_LINEAR_EXTRUSION('',#4580,#4584);
#4580 = B_SPLINE_CURVE_WITH_KNOTS('',2,(#4581,#4582,#4583),
  .UNSPECIFIED.,.F.,.F.,(3,3),(0.,1.),.PIECEWISE_BEZIER_KNOTS.);
#4581 = CARTESIAN_POINT('',(38.921374142748,-40.05419646138,
    5.649012082122));
#4582 = CARTESIAN_POINT('',(38.921374142748,-40.05419646138,
    5.826178688227));
#4583 = CARTESIAN_POINT('',(38.921374142748,-40.11399842359,
    5.958296239099));
#4584 = VECTOR('',#4585,1.);
#4585 = DIRECTION('',(-1.,-0.,-0.));
#4586 = ADVANCED_FACE('',(#4587),#4609,.F.);
#4587 = FACE_BOUND('',#4588,.F.);
#4588 = EDGE_LOOP('',(#4589,#4590,#4598,#4608));
#4589 = ORIENTED_EDGE('',*,*,#3928,.F.);
#4590 = ORIENTED_EDGE('',*,*,#4591,.T.);
#4591 = EDGE_CURVE('',#3929,#4592,#4594,.T.);
#4592 = VERTEX_POINT('',#4593);
#4593 = CARTESIAN_POINT('',(39.421374142748,-40.1940197717,
    5.216501635174));
#4594 = LINE('',#4595,#4596);
#4595 = CARTESIAN_POINT('',(38.921374142748,-40.1940197717,
    5.216501635174));
#4596 = VECTOR('',#4597,1.);
#4597 = DIRECTION('',(1.,0.,0.));
#4598 = ORIENTED_EDGE('',*,*,#4599,.F.);
#4599 = EDGE_CURVE('',#4563,#4592,#4600,.T.);
#4600 = B_SPLINE_CURVE_WITH_KNOTS('',6,(#4601,#4602,#4603,#4604,#4605,
    #4606,#4607),.UNSPECIFIED.,.F.,.F.,(7,7),(0.,1.),
  .PIECEWISE_BEZIER_KNOTS.);
#4601 = CARTESIAN_POINT('',(39.421374142748,-40.05419646138,
    5.649012082122));
#4602 = CARTESIAN_POINT('',(39.421374142748,-40.05419646138,
    5.55911876393));
#4603 = CARTESIAN_POINT('',(39.421374142748,-40.06283696514,
    5.475194012714));
#4604 = CARTESIAN_POINT('',(39.421374142748,-40.08081069767,
    5.398188702324));
#4605 = CARTESIAN_POINT('',(39.421374142748,-40.10863303709,
    5.328993136022));
#4606 = CARTESIAN_POINT('',(39.421374142748,-40.14648639352,
    5.268311450114));
#4607 = CARTESIAN_POINT('',(39.421374142748,-40.1940197717,
    5.216501635174));
#4608 = ORIENTED_EDGE('',*,*,#4562,.F.);
#4609 = SURFACE_OF_LINEAR_EXTRUSION('',#4610,#4614);
#4610 = B_SPLINE_CURVE_WITH_KNOTS('',2,(#4611,#4612,#4613),
  .UNSPECIFIED.,.F.,.F.,(3,3),(0.,1.),.PIECEWISE_BEZIER_KNOTS.);
#4611 = CARTESIAN_POINT('',(38.921374142748,-40.1940197717,
    5.216501635174));
#4612 = CARTESIAN_POINT('',(38.921374142748,-40.05419646138,
    5.36890443314));
#4613 = CARTESIAN_POINT('',(38.921374142748,-40.05419646138,
    5.649012082122));
#4614 = VECTOR('',#4615,1.);
#4615 = DIRECTION('',(-1.,-0.,-0.));
#4616 = ADVANCED_FACE('',(#4617),#4642,.F.);
#4617 = FACE_BOUND('',#4618,.F.);
#4618 = EDGE_LOOP('',(#4619,#4620,#4628,#4641));
#4619 = ORIENTED_EDGE('',*,*,#3936,.F.);
#4620 = ORIENTED_EDGE('',*,*,#4621,.T.);
#4621 = EDGE_CURVE('',#3937,#4622,#4624,.T.);
#4622 = VERTEX_POINT('',#4623);
#4623 = CARTESIAN_POINT('',(39.421374142748,-40.55013123609,
    5.064098837209));
#4624 = LINE('',#4625,#4626);
#4625 = CARTESIAN_POINT('',(38.921374142748,-40.55013123609,
    5.064098837209));
#4626 = VECTOR('',#4627,1.);
#4627 = DIRECTION('',(1.,0.,0.));
#4628 = ORIENTED_EDGE('',*,*,#4629,.F.);
#4629 = EDGE_CURVE('',#4592,#4622,#4630,.T.);
#4630 = B_SPLINE_CURVE_WITH_KNOTS('',5,(#4631,#4632,#4633,#4634,#4635,
    #4636,#4637,#4638,#4639,#4640),.UNSPECIFIED.,.F.,.F.,(6,4,6),(0.,
    0.429433966935,1.),.UNSPECIFIED.);
#4631 = CARTESIAN_POINT('',(39.421374142748,-40.1940197717,
    5.216501635174));
#4632 = CARTESIAN_POINT('',(39.421374142748,-40.21790998114,
    5.190449823374));
#4633 = CARTESIAN_POINT('',(39.421374142748,-40.24330844213,
    5.16706157988));
#4634 = CARTESIAN_POINT('',(39.421374142748,-40.27020700185,
    5.146426708704));
#4635 = CARTESIAN_POINT('',(39.421374142748,-40.29857792286,
    5.128602655241));
#4636 = CARTESIAN_POINT('',(39.421374142748,-40.36796218787,
    5.093700551246));
#4637 = CARTESIAN_POINT('',(39.421374142748,-40.41006788572,
    5.078791311963));
#4638 = CARTESIAN_POINT('',(39.421374142748,-40.45457727077,
    5.068945152205));
#4639 = CARTESIAN_POINT('',(39.421374142748,-40.50132954085,
    5.064098837209));
#4640 = CARTESIAN_POINT('',(39.421374142748,-40.55013123609,
    5.064098837209));
#4641 = ORIENTED_EDGE('',*,*,#4591,.F.);
#4642 = SURFACE_OF_LINEAR_EXTRUSION('',#4643,#4647);
#4643 = B_SPLINE_CURVE_WITH_KNOTS('',2,(#4644,#4645,#4646),
  .UNSPECIFIED.,.F.,.F.,(3,3),(0.,1.),.PIECEWISE_BEZIER_KNOTS.);
#4644 = CARTESIAN_POINT('',(38.921374142748,-40.55013123609,
    5.064098837209));
#4645 = CARTESIAN_POINT('',(38.921374142748,-40.33377722083,
    5.064098837209));
#4646 = CARTESIAN_POINT('',(38.921374142748,-40.1940197717,
    5.216501635174));
#4647 = VECTOR('',#4648,1.);
#4648 = DIRECTION('',(-1.,-0.,-0.));
#4649 = ADVANCED_FACE('',(#4650),#4668,.F.);
#4650 = FACE_BOUND('',#4651,.F.);
#4651 = EDGE_LOOP('',(#4652,#4653,#4654,#4667));
#4652 = ORIENTED_EDGE('',*,*,#3944,.F.);
#4653 = ORIENTED_EDGE('',*,*,#4417,.T.);
#4654 = ORIENTED_EDGE('',*,*,#4655,.F.);
#4655 = EDGE_CURVE('',#4622,#4403,#4656,.T.);
#4656 = B_SPLINE_CURVE_WITH_KNOTS('',5,(#4657,#4658,#4659,#4660,#4661,
    #4662,#4663,#4664,#4665,#4666),.UNSPECIFIED.,.F.,.F.,(6,4,6),(0.,
    0.545358942325,1.),.UNSPECIFIED.);
#4657 = CARTESIAN_POINT('',(39.421374142748,-40.55013123609,
    5.064098837209));
#4658 = CARTESIAN_POINT('',(39.421374142748,-40.59599862204,
    5.064098837209));
#4659 = CARTESIAN_POINT('',(39.421374142748,-40.640099968,5.068496510743
    ));
#4660 = CARTESIAN_POINT('',(39.421374142748,-40.68227937495,
    5.077414842334));
#4661 = CARTESIAN_POINT('',(39.421374142748,-40.72240633698,
    5.090903432201));
#4662 = CARTESIAN_POINT('',(39.421374142748,-40.792046898,5.123932890424
    ));
#4663 = CARTESIAN_POINT('',(39.421374142748,-40.82221684627,
    5.142094329236));
#4664 = CARTESIAN_POINT('',(39.421374142748,-40.85084029875,
    5.163374872869));
#4665 = CARTESIAN_POINT('',(39.421374142748,-40.87788642822,
    5.187706590074));
#4666 = CARTESIAN_POINT('',(39.421374142748,-40.90334480804,
    5.214986827762));
#4667 = ORIENTED_EDGE('',*,*,#4621,.F.);
#4668 = SURFACE_OF_LINEAR_EXTRUSION('',#4669,#4673);
#4669 = B_SPLINE_CURVE_WITH_KNOTS('',2,(#4670,#4671,#4672),
  .UNSPECIFIED.,.F.,.F.,(3,3),(0.,1.),.PIECEWISE_BEZIER_KNOTS.);
#4670 = CARTESIAN_POINT('',(38.921374142748,-40.90334480804,
    5.214986827762));
#4671 = CARTESIAN_POINT('',(38.921374142748,-40.76253357984,
    5.064098837209));
#4672 = CARTESIAN_POINT('',(38.921374142748,-40.55013123609,
    5.064098837209));
#4673 = VECTOR('',#4674,1.);
#4674 = DIRECTION('',(-1.,-0.,-0.));
#4675 = ADVANCED_FACE('',(#4676,#4679),#4690,.T.);
#4676 = FACE_BOUND('',#4677,.T.);
#4677 = EDGE_LOOP('',(#4678));
#4678 = ORIENTED_EDGE('',*,*,#3983,.T.);
#4679 = FACE_BOUND('',#4680,.T.);
#4680 = EDGE_LOOP('',(#4681));
#4681 = ORIENTED_EDGE('',*,*,#4682,.F.);
#4682 = EDGE_CURVE('',#4683,#4683,#4685,.T.);
#4683 = VERTEX_POINT('',#4684);
#4684 = CARTESIAN_POINT('',(3.517,-56.3881,4.1));
#4685 = CIRCLE('',#4686,0.85);
#4686 = AXIS2_PLACEMENT_3D('',#4687,#4688,#4689);
#4687 = CARTESIAN_POINT('',(2.667,-56.3881,4.1));
#4688 = DIRECTION('',(0.,0.,1.));
#4689 = DIRECTION('',(1.,0.,-0.));
#4690 = PLANE('',#4691);
#4691 = AXIS2_PLACEMENT_3D('',#4692,#4693,#4694);
#4692 = CARTESIAN_POINT('',(2.667,-56.3881,4.1));
#4693 = DIRECTION('',(0.,0.,1.));
#4694 = DIRECTION('',(1.,0.,-0.));
#4695 = ADVANCED_FACE('',(#4696,#4699),#4710,.T.);
#4696 = FACE_BOUND('',#4697,.T.);
#4697 = EDGE_LOOP('',(#4698));
#4698 = ORIENTED_EDGE('',*,*,#4008,.T.);
#4699 = FACE_BOUND('',#4700,.T.);
#4700 = EDGE_LOOP('',(#4701));
#4701 = ORIENTED_EDGE('',*,*,#4702,.F.);
#4702 = EDGE_CURVE('',#4703,#4703,#4705,.T.);
#4703 = VERTEX_POINT('',#4704);
#4704 = CARTESIAN_POINT('',(35.3941,-56.3881,4.1));
#4705 = CIRCLE('',#4706,0.85);
#4706 = AXIS2_PLACEMENT_3D('',#4707,#4708,#4709);
#4707 = CARTESIAN_POINT('',(34.5441,-56.3881,4.1));
#4708 = DIRECTION('',(0.,0.,1.));
#4709 = DIRECTION('',(1.,0.,-0.));
#4710 = PLANE('',#4711);
#4711 = AXIS2_PLACEMENT_3D('',#4712,#4713,#4714);
#4712 = CARTESIAN_POINT('',(34.5441,-56.3881,4.1));
#4713 = DIRECTION('',(0.,0.,1.));
#4714 = DIRECTION('',(1.,0.,-0.));
#4715 = ADVANCED_FACE('',(#4716,#4719),#4730,.T.);
#4716 = FACE_BOUND('',#4717,.T.);
#4717 = EDGE_LOOP('',(#4718));
#4718 = ORIENTED_EDGE('',*,*,#4033,.T.);
#4719 = FACE_BOUND('',#4720,.T.);
#4720 = EDGE_LOOP('',(#4721));
#4721 = ORIENTED_EDGE('',*,*,#4722,.F.);
#4722 = EDGE_CURVE('',#4723,#4723,#4725,.T.);
#4723 = VERTEX_POINT('',#4724);
#4724 = CARTESIAN_POINT('',(3.517,-2.667,4.1));
#4725 = CIRCLE('',#4726,0.85);
#4726 = AXIS2_PLACEMENT_3D('',#4727,#4728,#4729);
#4727 = CARTESIAN_POINT('',(2.667,-2.667,4.1));
#4728 = DIRECTION('',(0.,0.,1.));
#4729 = DIRECTION('',(1.,0.,-0.));
#4730 = PLANE('',#4731);
#4731 = AXIS2_PLACEMENT_3D('',#4732,#4733,#4734);
#4732 = CARTESIAN_POINT('',(2.667,-2.667,4.1));
#4733 = DIRECTION('',(0.,0.,1.));
#4734 = DIRECTION('',(1.,0.,-0.));
#4735 = ADVANCED_FACE('',(#4736,#4739),#4750,.T.);
#4736 = FACE_BOUND('',#4737,.T.);
#4737 = EDGE_LOOP('',(#4738));
#4738 = ORIENTED_EDGE('',*,*,#4058,.T.);
#4739 = FACE_BOUND('',#4740,.T.);
#4740 = EDGE_LOOP('',(#4741));
#4741 = ORIENTED_EDGE('',*,*,#4742,.F.);
#4742 = EDGE_CURVE('',#4743,#4743,#4745,.T.);
#4743 = VERTEX_POINT('',#4744);
#4744 = CARTESIAN_POINT('',(35.3941,-2.667,4.1));
#4745 = CIRCLE('',#4746,0.85);
#4746 = AXIS2_PLACEMENT_3D('',#4747,#4748,#4749);
#4747 = CARTESIAN_POINT('',(34.5441,-2.667,4.1));
#4748 = DIRECTION('',(0.,0.,1.));
#4749 = DIRECTION('',(1.,0.,-0.));
#4750 = PLANE('',#4751);
#4751 = AXIS2_PLACEMENT_3D('',#4752,#4753,#4754);
#4752 = CARTESIAN_POINT('',(34.5441,-2.667,4.1));
#4753 = DIRECTION('',(0.,0.,1.));
#4754 = DIRECTION('',(1.,0.,-0.));
#4755 = ADVANCED_FACE('',(#4756),#4767,.T.);
#4756 = FACE_BOUND('',#4757,.T.);
#4757 = EDGE_LOOP('',(#4758,#4759,#4760,#4761,#4762,#4763,#4764,#4765,
    #4766));
#4758 = ORIENTED_EDGE('',*,*,#4116,.F.);
#4759 = ORIENTED_EDGE('',*,*,#4369,.F.);
#4760 = ORIENTED_EDGE('',*,*,#4343,.F.);
#4761 = ORIENTED_EDGE('',*,*,#4313,.F.);
#4762 = ORIENTED_EDGE('',*,*,#4284,.F.);
#4763 = ORIENTED_EDGE('',*,*,#4253,.F.);
#4764 = ORIENTED_EDGE('',*,*,#4222,.F.);
#4765 = ORIENTED_EDGE('',*,*,#4189,.F.);
#4766 = ORIENTED_EDGE('',*,*,#4156,.F.);
#4767 = PLANE('',#4768);
#4768 = AXIS2_PLACEMENT_3D('',#4769,#4770,#4771);
#4769 = CARTESIAN_POINT('',(39.421374142748,-61.26541783083,0.));
#4770 = DIRECTION('',(1.,0.,-0.));
#4771 = DIRECTION('',(0.,0.,1.));
#4772 = ADVANCED_FACE('',(#4773),#4784,.T.);
#4773 = FACE_BOUND('',#4774,.T.);
#4774 = EDGE_LOOP('',(#4775,#4776,#4777,#4778,#4779,#4780,#4781,#4782,
    #4783));
#4775 = ORIENTED_EDGE('',*,*,#4402,.F.);
#4776 = ORIENTED_EDGE('',*,*,#4655,.F.);
#4777 = ORIENTED_EDGE('',*,*,#4629,.F.);
#4778 = ORIENTED_EDGE('',*,*,#4599,.F.);
#4779 = ORIENTED_EDGE('',*,*,#4570,.F.);
#4780 = ORIENTED_EDGE('',*,*,#4539,.F.);
#4781 = ORIENTED_EDGE('',*,*,#4508,.F.);
#4782 = ORIENTED_EDGE('',*,*,#4475,.F.);
#4783 = ORIENTED_EDGE('',*,*,#4442,.F.);
#4784 = PLANE('',#4785);
#4785 = AXIS2_PLACEMENT_3D('',#4786,#4787,#4788);
#4786 = CARTESIAN_POINT('',(39.421374142748,-61.26541783083,0.));
#4787 = DIRECTION('',(1.,0.,-0.));
#4788 = DIRECTION('',(0.,0.,1.));
#4789 = ADVANCED_FACE('',(#4790),#4809,.T.);
#4790 = FACE_BOUND('',#4791,.T.);
#4791 = EDGE_LOOP('',(#4792,#4801,#4807,#4808));
#4792 = ORIENTED_EDGE('',*,*,#4793,.F.);
#4793 = EDGE_CURVE('',#4794,#4794,#4796,.T.);
#4794 = VERTEX_POINT('',#4795);
#4795 = CARTESIAN_POINT('',(3.517,-56.3881,6.05));
#4796 = CIRCLE('',#4797,0.85);
#4797 = AXIS2_PLACEMENT_3D('',#4798,#4799,#4800);
#4798 = CARTESIAN_POINT('',(2.667,-56.3881,6.05));
#4799 = DIRECTION('',(0.,0.,1.));
#4800 = DIRECTION('',(1.,0.,-0.));
#4801 = ORIENTED_EDGE('',*,*,#4802,.F.);
#4802 = EDGE_CURVE('',#4683,#4794,#4803,.T.);
#4803 = LINE('',#4804,#4805);
#4804 = CARTESIAN_POINT('',(3.517,-56.3881,4.1));
#4805 = VECTOR('',#4806,1.);
#4806 = DIRECTION('',(0.,0.,1.));
#4807 = ORIENTED_EDGE('',*,*,#4682,.T.);
#4808 = ORIENTED_EDGE('',*,*,#4802,.T.);
#4809 = CYLINDRICAL_SURFACE('',#4810,0.85);
#4810 = AXIS2_PLACEMENT_3D('',#4811,#4812,#4813);
#4811 = CARTESIAN_POINT('',(2.667,-56.3881,4.1));
#4812 = DIRECTION('',(0.,0.,1.));
#4813 = DIRECTION('',(1.,0.,-0.));
#4814 = ADVANCED_FACE('',(#4815),#4834,.T.);
#4815 = FACE_BOUND('',#4816,.T.);
#4816 = EDGE_LOOP('',(#4817,#4826,#4832,#4833));
#4817 = ORIENTED_EDGE('',*,*,#4818,.F.);
#4818 = EDGE_CURVE('',#4819,#4819,#4821,.T.);
#4819 = VERTEX_POINT('',#4820);
#4820 = CARTESIAN_POINT('',(35.3941,-56.3881,6.05));
#4821 = CIRCLE('',#4822,0.85);
#4822 = AXIS2_PLACEMENT_3D('',#4823,#4824,#4825);
#4823 = CARTESIAN_POINT('',(34.5441,-56.3881,6.05));
#4824 = DIRECTION('',(0.,0.,1.));
#4825 = DIRECTION('',(1.,0.,-0.));
#4826 = ORIENTED_EDGE('',*,*,#4827,.F.);
#4827 = EDGE_CURVE('',#4703,#4819,#4828,.T.);
#4828 = LINE('',#4829,#4830);
#4829 = CARTESIAN_POINT('',(35.3941,-56.3881,4.1));
#4830 = VECTOR('',#4831,1.);
#4831 = DIRECTION('',(0.,0.,1.));
#4832 = ORIENTED_EDGE('',*,*,#4702,.T.);
#4833 = ORIENTED_EDGE('',*,*,#4827,.T.);
#4834 = CYLINDRICAL_SURFACE('',#4835,0.85);
#4835 = AXIS2_PLACEMENT_3D('',#4836,#4837,#4838);
#4836 = CARTESIAN_POINT('',(34.5441,-56.3881,4.1));
#4837 = DIRECTION('',(0.,0.,1.));
#4838 = DIRECTION('',(1.,0.,-0.));
#4839 = ADVANCED_FACE('',(#4840),#4859,.T.);
#4840 = FACE_BOUND('',#4841,.T.);
#4841 = EDGE_LOOP('',(#4842,#4851,#4857,#4858));
#4842 = ORIENTED_EDGE('',*,*,#4843,.F.);
#4843 = EDGE_CURVE('',#4844,#4844,#4846,.T.);
#4844 = VERTEX_POINT('',#4845);
#4845 = CARTESIAN_POINT('',(3.517,-2.667,6.05));
#4846 = CIRCLE('',#4847,0.85);
#4847 = AXIS2_PLACEMENT_3D('',#4848,#4849,#4850);
#4848 = CARTESIAN_POINT('',(2.667,-2.667,6.05));
#4849 = DIRECTION('',(0.,0.,1.));
#4850 = DIRECTION('',(1.,0.,-0.));
#4851 = ORIENTED_EDGE('',*,*,#4852,.F.);
#4852 = EDGE_CURVE('',#4723,#4844,#4853,.T.);
#4853 = LINE('',#4854,#4855);
#4854 = CARTESIAN_POINT('',(3.517,-2.667,4.1));
#4855 = VECTOR('',#4856,1.);
#4856 = DIRECTION('',(0.,0.,1.));
#4857 = ORIENTED_EDGE('',*,*,#4722,.T.);
#4858 = ORIENTED_EDGE('',*,*,#4852,.T.);
#4859 = CYLINDRICAL_SURFACE('',#4860,0.85);
#4860 = AXIS2_PLACEMENT_3D('',#4861,#4862,#4863);
#4861 = CARTESIAN_POINT('',(2.667,-2.667,4.1));
#4862 = DIRECTION('',(0.,0.,1.));
#4863 = DIRECTION('',(1.,0.,-0.));
#4864 = ADVANCED_FACE('',(#4865),#4884,.T.);
#4865 = FACE_BOUND('',#4866,.T.);
#4866 = EDGE_LOOP('',(#4867,#4876,#4882,#4883));
#4867 = ORIENTED_EDGE('',*,*,#4868,.F.);
#4868 = EDGE_CURVE('',#4869,#4869,#4871,.T.);
#4869 = VERTEX_POINT('',#4870);
#4870 = CARTESIAN_POINT('',(35.3941,-2.667,6.05));
#4871 = CIRCLE('',#4872,0.85);
#4872 = AXIS2_PLACEMENT_3D('',#4873,#4874,#4875);
#4873 = CARTESIAN_POINT('',(34.5441,-2.667,6.05));
#4874 = DIRECTION('',(0.,0.,1.));
#4875 = DIRECTION('',(1.,0.,-0.));
#4876 = ORIENTED_EDGE('',*,*,#4877,.F.);
#4877 = EDGE_CURVE('',#4743,#4869,#4878,.T.);
#4878 = LINE('',#4879,#4880);
#4879 = CARTESIAN_POINT('',(35.3941,-2.667,4.1));
#4880 = VECTOR('',#4881,1.);
#4881 = DIRECTION('',(0.,0.,1.));
#4882 = ORIENTED_EDGE('',*,*,#4742,.T.);
#4883 = ORIENTED_EDGE('',*,*,#4877,.T.);
#4884 = CYLINDRICAL_SURFACE('',#4885,0.85);
#4885 = AXIS2_PLACEMENT_3D('',#4886,#4887,#4888);
#4886 = CARTESIAN_POINT('',(34.5441,-2.667,4.1));
#4887 = DIRECTION('',(0.,0.,1.));
#4888 = DIRECTION('',(1.,0.,-0.));
#4889 = ADVANCED_FACE('',(#4890),#4909,.T.);
#4890 = FACE_BOUND('',#4891,.T.);
#4891 = EDGE_LOOP('',(#4892,#4901,#4907,#4908));
#4892 = ORIENTED_EDGE('',*,*,#4893,.F.);
#4893 = EDGE_CURVE('',#4894,#4894,#4896,.T.);
#4894 = VERTEX_POINT('',#4895);
#4895 = CARTESIAN_POINT('',(3.287,-56.3881,6.5));
#4896 = CIRCLE('',#4897,0.62);
#4897 = AXIS2_PLACEMENT_3D('',#4898,#4899,#4900);
#4898 = CARTESIAN_POINT('',(2.667,-56.3881,6.5));
#4899 = DIRECTION('',(0.,0.,1.));
#4900 = DIRECTION('',(1.,0.,-0.));
#4901 = ORIENTED_EDGE('',*,*,#4902,.F.);
#4902 = EDGE_CURVE('',#4794,#4894,#4903,.T.);
#4903 = LINE('',#4904,#4905);
#4904 = CARTESIAN_POINT('',(3.517,-56.3881,6.05));
#4905 = VECTOR('',#4906,1.);
#4906 = DIRECTION('',(-0.455111059789,1.114700605255E-16,0.890434682196)
  );
#4907 = ORIENTED_EDGE('',*,*,#4793,.T.);
#4908 = ORIENTED_EDGE('',*,*,#4902,.T.);
#4909 = CONICAL_SURFACE('',#4910,0.85,0.472496935517);
#4910 = AXIS2_PLACEMENT_3D('',#4911,#4912,#4913);
#4911 = CARTESIAN_POINT('',(2.667,-56.3881,6.05));
#4912 = DIRECTION('',(-0.,-0.,-1.));
#4913 = DIRECTION('',(1.,0.,-0.));
#4914 = ADVANCED_FACE('',(#4915),#4934,.T.);
#4915 = FACE_BOUND('',#4916,.T.);
#4916 = EDGE_LOOP('',(#4917,#4926,#4932,#4933));
#4917 = ORIENTED_EDGE('',*,*,#4918,.F.);
#4918 = EDGE_CURVE('',#4919,#4919,#4921,.T.);
#4919 = VERTEX_POINT('',#4920);
#4920 = CARTESIAN_POINT('',(35.1641,-56.3881,6.5));
#4921 = CIRCLE('',#4922,0.62);
#4922 = AXIS2_PLACEMENT_3D('',#4923,#4924,#4925);
#4923 = CARTESIAN_POINT('',(34.5441,-56.3881,6.5));
#4924 = DIRECTION('',(0.,0.,1.));
#4925 = DIRECTION('',(1.,0.,-0.));
#4926 = ORIENTED_EDGE('',*,*,#4927,.F.);
#4927 = EDGE_CURVE('',#4819,#4919,#4928,.T.);
#4928 = LINE('',#4929,#4930);
#4929 = CARTESIAN_POINT('',(35.3941,-56.3881,6.05));
#4930 = VECTOR('',#4931,1.);
#4931 = DIRECTION('',(-0.455111059789,1.114700605255E-16,0.890434682196)
  );
#4932 = ORIENTED_EDGE('',*,*,#4818,.T.);
#4933 = ORIENTED_EDGE('',*,*,#4927,.T.);
#4934 = CONICAL_SURFACE('',#4935,0.85,0.472496935517);
#4935 = AXIS2_PLACEMENT_3D('',#4936,#4937,#4938);
#4936 = CARTESIAN_POINT('',(34.5441,-56.3881,6.05));
#4937 = DIRECTION('',(-0.,-0.,-1.));
#4938 = DIRECTION('',(1.,0.,-0.));
#4939 = ADVANCED_FACE('',(#4940),#4959,.T.);
#4940 = FACE_BOUND('',#4941,.T.);
#4941 = EDGE_LOOP('',(#4942,#4951,#4957,#4958));
#4942 = ORIENTED_EDGE('',*,*,#4943,.F.);
#4943 = EDGE_CURVE('',#4944,#4944,#4946,.T.);
#4944 = VERTEX_POINT('',#4945);
#4945 = CARTESIAN_POINT('',(3.287,-2.667,6.5));
#4946 = CIRCLE('',#4947,0.62);
#4947 = AXIS2_PLACEMENT_3D('',#4948,#4949,#4950);
#4948 = CARTESIAN_POINT('',(2.667,-2.667,6.5));
#4949 = DIRECTION('',(0.,0.,1.));
#4950 = DIRECTION('',(1.,0.,-0.));
#4951 = ORIENTED_EDGE('',*,*,#4952,.F.);
#4952 = EDGE_CURVE('',#4844,#4944,#4953,.T.);
#4953 = LINE('',#4954,#4955);
#4954 = CARTESIAN_POINT('',(3.517,-2.667,6.05));
#4955 = VECTOR('',#4956,1.);
#4956 = DIRECTION('',(-0.455111059789,1.114700605255E-16,0.890434682196)
  );
#4957 = ORIENTED_EDGE('',*,*,#4843,.T.);
#4958 = ORIENTED_EDGE('',*,*,#4952,.T.);
#4959 = CONICAL_SURFACE('',#4960,0.85,0.472496935517);
#4960 = AXIS2_PLACEMENT_3D('',#4961,#4962,#4963);
#4961 = CARTESIAN_POINT('',(2.667,-2.667,6.05));
#4962 = DIRECTION('',(-0.,-0.,-1.));
#4963 = DIRECTION('',(1.,0.,-0.));
#4964 = ADVANCED_FACE('',(#4965),#4984,.T.);
#4965 = FACE_BOUND('',#4966,.T.);
#4966 = EDGE_LOOP('',(#4967,#4976,#4982,#4983));
#4967 = ORIENTED_EDGE('',*,*,#4968,.F.);
#4968 = EDGE_CURVE('',#4969,#4969,#4971,.T.);
#4969 = VERTEX_POINT('',#4970);
#4970 = CARTESIAN_POINT('',(35.1641,-2.667,6.5));
#4971 = CIRCLE('',#4972,0.62);
#4972 = AXIS2_PLACEMENT_3D('',#4973,#4974,#4975);
#4973 = CARTESIAN_POINT('',(34.5441,-2.667,6.5));
#4974 = DIRECTION('',(0.,0.,1.));
#4975 = DIRECTION('',(1.,0.,-0.));
#4976 = ORIENTED_EDGE('',*,*,#4977,.F.);
#4977 = EDGE_CURVE('',#4869,#4969,#4978,.T.);
#4978 = LINE('',#4979,#4980);
#4979 = CARTESIAN_POINT('',(35.3941,-2.667,6.05));
#4980 = VECTOR('',#4981,1.);
#4981 = DIRECTION('',(-0.455111059789,1.114700605255E-16,0.890434682196)
  );
#4982 = ORIENTED_EDGE('',*,*,#4868,.T.);
#4983 = ORIENTED_EDGE('',*,*,#4977,.T.);
#4984 = CONICAL_SURFACE('',#4985,0.85,0.472496935517);
#4985 = AXIS2_PLACEMENT_3D('',#4986,#4987,#4988);
#4986 = CARTESIAN_POINT('',(34.5441,-2.667,6.05));
#4987 = DIRECTION('',(-0.,-0.,-1.));
#4988 = DIRECTION('',(1.,0.,-0.));
#4989 = ADVANCED_FACE('',(#4990),#4993,.T.);
#4990 = FACE_BOUND('',#4991,.T.);
#4991 = EDGE_LOOP('',(#4992));
#4992 = ORIENTED_EDGE('',*,*,#4893,.T.);
#4993 = PLANE('',#4994);
#4994 = AXIS2_PLACEMENT_3D('',#4995,#4996,#4997);
#4995 = CARTESIAN_POINT('',(2.667,-56.3881,6.5));
#4996 = DIRECTION('',(0.,0.,1.));
#4997 = DIRECTION('',(1.,0.,-0.));
#4998 = ADVANCED_FACE('',(#4999),#5002,.T.);
#4999 = FACE_BOUND('',#5000,.T.);
#5000 = EDGE_LOOP('',(#5001));
#5001 = ORIENTED_EDGE('',*,*,#4918,.T.);
#5002 = PLANE('',#5003);
#5003 = AXIS2_PLACEMENT_3D('',#5004,#5005,#5006);
#5004 = CARTESIAN_POINT('',(34.5441,-56.3881,6.5));
#5005 = DIRECTION('',(0.,0.,1.));
#5006 = DIRECTION('',(1.,0.,-0.));
#5007 = ADVANCED_FACE('',(#5008),#5011,.T.);
#5008 = FACE_BOUND('',#5009,.T.);
#5009 = EDGE_LOOP('',(#5010));
#5010 = ORIENTED_EDGE('',*,*,#4943,.T.);
#5011 = PLANE('',#5012);
#5012 = AXIS2_PLACEMENT_3D('',#5013,#5014,#5015);
#5013 = CARTESIAN_POINT('',(2.667,-2.667,6.5));
#5014 = DIRECTION('',(0.,0.,1.));
#5015 = DIRECTION('',(1.,0.,-0.));
#5016 = ADVANCED_FACE('',(#5017),#5020,.T.);
#5017 = FACE_BOUND('',#5018,.T.);
#5018 = EDGE_LOOP('',(#5019));
#5019 = ORIENTED_EDGE('',*,*,#4968,.T.);
#5020 = PLANE('',#5021);
#5021 = AXIS2_PLACEMENT_3D('',#5022,#5023,#5024);
#5022 = CARTESIAN_POINT('',(34.5441,-2.667,6.5));
#5023 = DIRECTION('',(0.,0.,1.));
#5024 = DIRECTION('',(1.,0.,-0.));
#5025 = ( GEOMETRIC_REPRESENTATION_CONTEXT(3) 
GLOBAL_UNCERTAINTY_ASSIGNED_CONTEXT((#5029)) 
GLOBAL_UNIT_ASSIGNED_CONTEXT((#5026,#5027,#5028)) REPRESENTATION_CONTEXT
('Context #1','3D Context with UNIT and UNCERTAINTY') );
#5026 = ( LENGTH_UNIT() NAMED_UNIT(*) SI_UNIT(.MILLI.,.METRE.) );
#5027 = ( NAMED_UNIT(*) PLANE_ANGLE_UNIT() SI_UNIT($,.RADIAN.) );
#5028 = ( NAMED_UNIT(*) SI_UNIT($,.STERADIAN.) SOLID_ANGLE_UNIT() );
#5029 = UNCERTAINTY_MEASURE_WITH_UNIT(LENGTH_MEASURE(1.E-06),#5026,
  'distance_accuracy_value','confusion accuracy');
#5030 = PRODUCT_RELATED_PRODUCT_CATEGORY('part',$,(#7));
ENDSEC;
END-ISO-10303-21;
